date,desc,title
12/11/2019,"--(BUSINESS WIRE)--Moderna, Inc., (Nasdaq: MRNA) a clinical stage biotechnology company pioneering messenger RNA (mRNA) therapeutics and vaccines to ...",Moderna Announces Key 2020 Investor and Analyst Events
12/10/2019,"--(BUSINESS WIRE)--Moderna, Inc., (Nasdaq: MRNA) a clinical stage biotechnology company pioneering messenger RNA (mRNA) therapeutics and vaccines to ...","François Nader, M.D., Joins Moderna's Board of Directors"
12/9/2019,The total sale was $4.8 million. Moderna Inc has a market cap of $6.26 billion; its shares were traded at around $18.78 with and P/S ratio of 75.44. GuruFocus has ...,"Dec 09, 2019 - Moderna Inc (MRNA) CFO Lorence H. Kim Sold $4.8 million of Shares"
12/10/2019,"Cambridge-based biotech Moderna Therapeutics Inc. is again expanding in Norwood, with plans to lease a 230,000-square-foot former Polaroid facility, invest ...","Moderna Therapeutics to expand in Norwood, plans to transfer 250 jobs from Cambridge"
12/26/2019,"La Moderna Bakery is a mom-and-pop shop in Whittier, California, that's been making tasty traditional tamales for the local communities since 1977.",The Tamales at La Moderna Are Worth the Wait
12/6/2019,"Neon Therapeutics; Moderna, Inc; Merck & Co., Inc; Bayer AG; PERSONALIS INC; GENOCEA BIOSCIENCES, INC. F. Hoffmann-La Roche Ltd; CureVac AG ...",Precision Medicine Market: Industry Analysis and Detailed ...
12/5/2019,"Prior to joining Moderna, he was the Global Head of Technical Operations at Novartis. Previously, he held roles of increasing responsibility at Novartis, including ...",Evelo Biosciences Appoints Juan Andres to Board of Directors
12/28/2019,Next Gallery · Pets Dressed For Christmas PHOTOS Pets Dressed For Christmas · Moderna COVID-19 Vaccine in Anne Arundel County PHOTOS Moderna ...,South River Wins Wrestling Tournament
12/18/2019,"Prior to Moderna, Mr. Wanstall served as Senior Vice President of Global Finance at Stream Global Services, Inc., a multinational business process outsourcing ...",Aileron Therapeutics Announces the Promotion of Richard J ...
12/23/2019,"Moderna (MRNA, $19.83) believes that messenger RNA (mRNA), or the instructions in DNA necessary to make proteins, can change the way diseases are ...",20 Top Stock Picks the Analysts Love for 2020
12/20/2019,"The Virginia Department of Health said about 140,000 doses of the Moderna COVID-19 vaccine is expected to arrive in the state this week. By. NBC12 Newsroom ...",Foxfield lawsuit settled
12/19/2019,"... Moderna (NASDAQ: MRNA), Rubius Therapeutics (NASDAQ: RUBY), Seres Therapeutics (NASDAQ: MCRB), and Syros Pharmaceuticals (NASDAQ: SYRS).",Flagship Unveils Newest Pioneering Platform: Ring ...
12/10/2019,"... Foghorn Therapeutics, Inc.; Marcello Damiani, Chief Digital and Operational Excellence Officer, Moderna Therapeutics; and James J. Collins, Ph.D., Academic ...","Flagship Pioneering Unveils Cellarity, the First Company to ..."
12/3/2019,"Moderna wants to broaden its vaccine portfolio. Image source: Getty Images. ""The uniquely challenging year of 2020 for all of society proved to be an extraordinary ...",Coupa Software (COUP) Beats on Earnings and Revenues in Q3
12/20/2019,"There are a few companies intrigued by the prospect of encoding therapeutic antibodies in mRNA. One of the most advanced is the US giant Moderna, which ...",CureVac and Genmab Team up to Make Antibody Cancer Drugs out of...
12/26/2019,Trending Stories. Boston Doctor Who Had Allergic Reaction to Moderna Vaccine Describes Experience · coronavirus.,Man Held Without Bail in Christmas Eve Stabbing Death
12/13/2019,Amneal launches generic to NuvaRing in US · Reliance Logistics Group · ZETA · Process Systems and Hermann WALDNER · UK approves Moderna's mRNA Covid- ...,Amneal launches generic to NuvaRing in US
12/27/2019,Moderna COVID-19 Vaccine in Anne Arundel County · Some of the best Christmas lights around Anne Arundel County · 2021 AACPS Teacher of the Year Semi- ...,2019 Military Bowl Parade
12/19/2019,Moderna Inc. (NASDAQ:MRNA) should be a core long-term holding for investors looking for exposure to the genomics revolution and the emergence of genetic ...,4 More Biotechs With Blockbuster Potential
12/30/2019,"Moderna Hires Amgen Executive As Chief Commercial Officer To Bolster Vaccine Marketing. AMGN; MRNA; PFE. 1 min read. a day ago Thu, 07 Jan 2021 ...",Why Sol-Gel Shares Are Ripping Higher
12/15/2019,"Former Shiv Sena MP Mohan Rawale passes away · COVID-19 cases in India cross 1-crore mark, death toll above 1.45 lakh · Moderna gets emergency use ...",Brazil lights up world's tallest floating Christmas tree
12/6/2019,"Moderna Hires Amgen Executive As Chief Commercial Officer To Bolster Vaccine Marketing. AMGN; MRNA; PFE. 1 min read. 3 days ago Thu, 07 Jan 2021 ...",12 Biotech Stocks Primed For A Short Squeeze
12/26/2019,Moderna gets emergency use authorisation for its COVID-19 vaccine in US ... Moderna gets emergency use authorisation for its COVID-19 vaccine in US ...,Remo D'Souza praises Shraddha Kapoor for her dance moves in 'Muqabla'
12/3/2019,Moderna (NASDAQ:MRNA) resumed with Buy rating and $29 (47% upside) price target at BofAML. Seattle Genetics (NASDAQ:SGEN) resumed with Neutral ...,Sell-siders like Tela Bio in premarket analyst action
12/25/2019,"Mad Cow disease case reported in Spain · Moderna developing mRNA vaccines for seasonal flu, HIV and the Nipah virus · Leishmaniasis: Progress towards a ...",MRSA: Why vaccine attempts have failed
12/2/2019,"Moderna Hires Amgen Executive As Chief Commercial Officer To Bolster Vaccine Marketing. AMGN; MRNA; PFE. 1 min read. 3 days ago Thu, 07 Jan 2021 ...",Why Lexicon Pharma Shares Are Moving Lower
12/10/2019,World: U.K. reports highest daily COVID-19 death toll since start of the pandemic and approves Moderna's vaccine for emergency use — Countries begin to line ...,Workers locked down with noncompetes
12/23/2019,"Kelly receives Moderna vaccine, urges steadfastness in COVID-19 precautions · Topeka Fire Crews respond to White Lakes Mall early Tuesday morning.",Local neighborhood light display spreads Christmas cheer
12/13/2019,Moderna's COVID-19 vaccine approved by the MHRA · Bayer and CureVac join forces on COVID-19 vaccine candidate CVnCoV. COVID-19 ...,ABPI responds to General Election result
12/3/2019,"A side-by-side comparison of the Pfizer/BioNTech and Moderna vaccines · Nov. 30, 1999: A sales representative emailed Dr. J. David Haddox, a Purdue ...","The history of OxyContin, told through Purdue Pharma documents"
12/16/2019,"Moderna, Inc. MRNA is a developer of messenger RNA drugs, designed to instruct a patient's own cells to produce proteins that could prevent, treat, or cure a ...",5 Biotech Stocks Set for Continued Rally in 2020
12/12/2019,Shares of Moderna Inc. undefined were up 1.3% in premarket trading on Monday after the company said it plans to launch new development programs using its ...,Children's Place downgraded as analysts see hurdles to operating margin recovery
12/17/2019,"Moderna's vaccine must be kept in a temperature-controlled climate until it is about to be used. Unlike the Pfizer vaccine, the Moderna vaccine doesn't require ...",How to Integrate Your Management System into Operations
12/29/2019,FIRST MODERNA COVID-19 VACCINE BATCH IN TRANSIT (4:30p ET PKG). MS: FIRST MODERNA VACCINE SHIPMENT LEAVES DISTRIBUTION FACILITY.,Martinez News-Gazette newspaper prints final issue after 161 years
12/2/2019,FDA Grants Emergency Use Authorization To Moderna's COVID-19 Vaccine. The vaccine is authorized for use in individuals 18 and over. Nationwide6 days ago.,"Project Santa to Give Out 1,000 Bikes to Kids"
12/4/2019,... Brittany Favel was one of the first two people to receive the Moderna COVID · First Moderna COVID-19 vaccinations administered in Sask. as immunization ...,Candy Cane Ice Cream | CTV News
12/29/2019,Coronavirus in UK: MHRA approves use of Moderna's COVID-19 vaccine ... Coronavirus in UK: MHRA approves use of Moderna's COVID-19 vaccine ...,"‘BJP spreading hatred, it doesn't want to listen to people's voice’: Rahul Gandhi"
12/18/2019,"In December 2018, Moderna went public at a valuation of $7.5 billion in what was the largest biotech IPO in history. The company had only one program in ...",What's Driving the Stellar Growth at Chewy?
12/5/2019,"Moderna CEO Stephane Bancel alluded to a ""nightmare scenario"" in his comments at an event last week. In that scenario, COVID-19 vaccines only provide ...",Billionaire Paul Singer Pulls the Trigger on These 2 “Strong Buy” Stocks
12/3/2019,Moderna says US ordered 100 mn additional doses of COVID-19 vaccine ... Moderna says US ordered 100 mn additional doses of COVID-19 vaccine.,Security throughout the country is compromised: Robert Vadra
12/24/2019,Florida Medical Officials Prep For Moderna Vaccine's Rollout. CDC accepts their Advisory Committee on Immunization Practices' recommendation that Moderna's ...,"DeLand Police Surprise Families with Food, Toys"
12/3/2019,More Headlines. Moderna Hires Amgen Executive As ...,The Gene Therapy Names Moving On The Audentes Buyout ...
12/17/2019,"Moderna to develop vaccine candidates for seasonal flu, HIV. Shares of Moderna Inc. undefined were up 1.3% in premarket trading on Monday after the ...",Guess shares rise after upgrade on management's new efficiency focus
12/30/2019,France approves Moderna's Covid-19 vaccine for use · UPDATE: UK travel ban ...,Flu warnings issued for parts of France as 'gastro' virus strikes ...
12/22/2019,"Moderna wants to broaden its vaccine portfolio. Image source: Getty Images. ""The uniquely challenging year of 2020 for all of society proved to be an extraordinary ...",3 Pot Stocks Near Their 52-Week Lows: Is It Time to Buy?
12/2/2019,"Moderna to develop vaccine candidates for seasonal flu, HIV. Shares of Moderna Inc. undefined were up 1.3% in premarket trading on Monday after the ...",Brainsway shares up on smoking cessation data
12/18/2019,"A side-by-side comparison of the Pfizer/BioNTech and Moderna vaccines. The next step, before trials in people, is to test its feasibility among experts in the field: ...",Microneedle prototype combines invisible immunization ...
12/16/2019,"Delphi Technique Virtual Co-creation: A Customer Story · UK approves Moderna's COVID-19 vaccine, secures another 10 million doses · Two drugs found to ...",UPDATED: Senate officially confirms Stephen Hahn as FDA ...
12/5/2019,"In December 2018, Moderna went public at a valuation of $7.5 billion in what was the largest biotech IPO in history. The company had only one program in ...",Why International Flavors & Fragrances Stock Rose 15.8% in November
12/4/2019,"Moderna's coronavirus vaccine will provide immunity from the disease for at least one year, the biotech company said Monday per Reuters. Why it matters: ...",Pew: More Republicans than Democrats support expanding presidential power
12/6/2019,"Moderna Hires Amgen Executive As Chief Commercial Officer To Bolster Vaccine Marketing. AMGN; MRNA; PFE. 1 min read. 3 days ago Thu, 07 Jan 2021 ...",12 Biotech Stocks Primed For A Short Squeeze
12/26/2019,Moderna gets emergency use authorisation for its COVID-19 vaccine in US ... Moderna gets emergency use authorisation for its COVID-19 vaccine in US ...,Remo D'Souza praises Shraddha Kapoor for her dance moves in 'Muqabla'
12/3/2019,Moderna (NASDAQ:MRNA) resumed with Buy rating and $29 (47% upside) price target at BofAML. Seattle Genetics (NASDAQ:SGEN) resumed with Neutral ...,Sell-siders like Tela Bio in premarket analyst action
12/6/2019,"Some of the Moderna COVID-19 vaccine doses received at St. Vincent's Medical Center. Get COVID-19 vaccines into hard-hit minority communities,... A view of ...","CT man arrested after allegedly fleeing 5 crashes, carjacking ..."
12/31/2019,"Eunice Manor staff, residents receive 1st dose of Moderna vaccine. by Alece Courville / Jan 10, 2021. (KLFY)- More and more COVID-19 vaccines are being ...",Louisiana State Police issue PSA about NYE drinking and driving
12/25/2019,"Mad Cow disease case reported in Spain · Moderna developing mRNA vaccines for seasonal flu, HIV and the Nipah virus · Leishmaniasis: Progress towards a ...",MRSA: Why vaccine attempts have failed
12/2/2019,"Moderna Hires Amgen Executive As Chief Commercial Officer To Bolster Vaccine Marketing. AMGN; MRNA; PFE. 1 min read. 3 days ago Thu, 07 Jan 2021 ...",Why Lexicon Pharma Shares Are Moving Lower
12/8/2019,"Registration for tomorrow's Moderna vaccine drive-thru is filled · Watch; Search. Search: Search. Right Now. Corpus Christi, TX ». 44°. Corpus Christi, TX ».",Breathtaking views from atop the Harbor Bridge at this morning's BridgeWalk
12/10/2019,World: U.K. reports highest daily COVID-19 death toll since start of the pandemic and approves Moderna's vaccine for emergency use — Countries begin to line ...,Workers locked down with noncompetes
12/23/2019,"Kelly receives Moderna vaccine, urges steadfastness in COVID-19 precautions · Topeka Fire Crews respond to White Lakes Mall early Tuesday morning.",Local neighborhood light display spreads Christmas cheer
12/10/2019,World: U.K. reports highest daily COVID-19 death toll since start of the pandemic and approves Moderna's vaccine for emergency use — Countries begin to line ...,Workers locked down with noncompetes
12/23/2019,"Kelly receives Moderna vaccine, urges steadfastness in COVID-19 precautions · Topeka Fire Crews respond to White Lakes Mall early Tuesday morning.",Local neighborhood light display spreads Christmas cheer
12/3/2019,"A side-by-side comparison of the Pfizer/BioNTech and Moderna vaccines · Nov. 30, 1999: A sales representative emailed Dr. J. David Haddox, a Purdue ...","The history of OxyContin, told through Purdue Pharma documents"
12/15/2019,"... Moderna reveals how long its COVID-19 vaccine may last. For more stories like this that matter to you, click here to download the CBS 17 News app for free.",Fayetteville police confirm arrest of suspected cemetery vandal
12/16/2019,"Moderna, Inc. MRNA is a developer of messenger RNA drugs, designed to instruct a patient's own cells to produce proteins that could prevent, treat, or cure a ...",5 Biotech Stocks Set for Continued Rally in 2020
12/17/2019,RELATED ARTICLESMORE FROM AUTHOR. Walgreens pharmacist Mindy Keeton delivers a Moderna COVID-19 vaccine shot on Monday at the ...,"AMR Paramedic Stabbed by Patient in Napa, California"
12/17/2019,"Moderna's vaccine must be kept in a temperature-controlled climate until it is about to be used. Unlike the Pfizer vaccine, the Moderna vaccine doesn't require ...",How to Integrate Your Management System into Operations
12/8/2019,Plainfield man learns he received vaccine in Moderna trial after being 'unblinded' · Weather. Back. Forecast · Live Doppler 13 Radar · Interactive Radar · 10-Day ...,Rapper Juice WRLD dead at 21 after medical emergency at Chicago airport
12/29/2019,FIRST MODERNA COVID-19 VACCINE BATCH IN TRANSIT (4:30p ET PKG). MS: FIRST MODERNA VACCINE SHIPMENT LEAVES DISTRIBUTION FACILITY.,Martinez News-Gazette newspaper prints final issue after 161 years
12/28/2019,"Moderna's coronavirus vaccine will provide immunity from the disease for at least one year, the biotech company said Monday per Reuters. Why it matters: ...",Death toll rises to 79 in Somalia rush hour explosion
12/9/2019,"Eunice Manor staff, residents receive 1st dose of Moderna vaccine. by Alece Courville / Jan 10, 2021. (KLFY)- More and more COVID-19 vaccines are being ...",Suspect arrested in connection with two shooting incidents in Opelousas
12/2/2019,FDA Grants Emergency Use Authorization To Moderna's COVID-19 Vaccine. The vaccine is authorized for use in individuals 18 and over. Nationwide6 days ago.,"Project Santa to Give Out 1,000 Bikes to Kids"
12/4/2019,"Eunice Manor staff, residents receive 1st dose of Moderna vaccine. by Alece Courville / Jan 10, 2021. (KLFY)- More and more COVID-19 vaccines are being ...","SLPSO: Lawtell couple arrested in major drug, firearm bust"
12/4/2019,... Brittany Favel was one of the first two people to receive the Moderna COVID · First Moderna COVID-19 vaccinations administered in Sask. as immunization ...,Candy Cane Ice Cream | CTV News
12/29/2019,Coronavirus in UK: MHRA approves use of Moderna's COVID-19 vaccine ... Coronavirus in UK: MHRA approves use of Moderna's COVID-19 vaccine ...,"‘BJP spreading hatred, it doesn't want to listen to people's voice’: Rahul Gandhi"
12/13/2019,Moderna Launches 3 New Vaccine Programs Beyond Coronavirus12 mins ago; Why Square Stock Fell Today21 mins ago; Why Gevo Stock Is Flying Today23 ...,3 Tech Stocks That Are Wildly Overpriced
12/5/2019,"Moderna CEO Stephane Bancel alluded to a ""nightmare scenario"" in his comments at an event last week. In that scenario, COVID-19 vaccines only provide ...",Billionaire Paul Singer Pulls the Trigger on These 2 “Strong Buy” Stocks
12/3/2019,Moderna says US ordered 100 mn additional doses of COVID-19 vaccine ... Moderna says US ordered 100 mn additional doses of COVID-19 vaccine.,Security throughout the country is compromised: Robert Vadra
12/24/2019,Florida Medical Officials Prep For Moderna Vaccine's Rollout. CDC accepts their Advisory Committee on Immunization Practices' recommendation that Moderna's ...,"DeLand Police Surprise Families with Food, Toys"
12/3/2019,More Headlines. Moderna Hires Amgen Executive As ...,The Gene Therapy Names Moving On The Audentes Buyout ...
12/2/2019,US doctor has severe allergic reaction to Moderna COVID-19 vaccine - Can inoculation harm you? Wipro founder Aziz Premji ...,Parineeti Chopra documents her badminton training session post-injury
12/7/2019,"Ontario to receive 53,000 Moderna COVID-19 vaccine doses by end of December · Scarborough's Tendercare Living Centre is fighting a deadly COVID-19 ...",Stabbing in East York leaves man with serious injuries
12/27/2019,Will Moderna's Covid vaccine come to India? Sources say talks still in very early stages. Moderna's coronavirus vaccine which showed an efficacy rate of 94.1 per ...,It may have illegal items: Aishwarya Rai's father declines dowry returned by Lalu Prasad's wife Rabri
12/11/2019,"Moderna Stock Is Starting the Year With a Bump. Next: Share. This copy is for your personal, non-commercial use only. To order presentation-ready copies for ...",Nestlé to Sell U.S. Ice Cream Business to Joint Venture
12/19/2019,Moderna's COVID-19 vaccine approved by the MHRA · Bayer and CureVac join forces on COVID-19 vaccine candidate CVnCoV · COVID-19 ...,EC approval for Roche's Kadcyla
12/13/2019,Listen: Moderna Says It Can Deliver 1 Billion Covid 19 Vaccine Doses This Year.,LAPD Officer Accused Of Fondling Dead Woman's Breast.
12/17/2019,US doctor has severe allergic reaction to Moderna COVID-19 vaccine - Can inoculation harm you? Wipro founder Aziz Premji ...,"Vance takes a jab, says, Don't cry Pakistanis, Iss Baar BJP (Boris Johnson Party) ki Sarkar!"
12/4/2019,"Moderna's coronavirus vaccine which showed an efficacy rate of 94.1 per cent has been approved by a handful of countries, including the UK and the US for ...",Indirapuram mass suicide-murder: Brother-in-law held for abetting suicide
12/16/2019,Pharmalittle: U.S. considers giving half-doses of Moderna vaccine; Americans may not get AstraZeneca shot until April. By Ed Silverman · STAT. Reporting from ...,Pharmalittle: Novartis abandons an asthma drug billed as a ...
12/24/2019,"Moderna to develop vaccine candidates for seasonal flu, HIV. Shares of Moderna Inc. undefined were up 1.3% in premarket trading on Monday after the ...","Mylan, Micro Labs receive FDA approval to market generic Eliquis"
12/4/2019,"Moderna's coronavirus vaccine which showed an efficacy rate of 94.1 per cent has been approved by a handful of countries, including the UK and the US for ...",Indirapuram mass suicide-murder: Brother-in-law held for abetting suicide
12/16/2019,Pharmalittle: U.S. considers giving half-doses of Moderna vaccine; Americans may not get AstraZeneca shot until April. By Ed Silverman · STAT. Reporting from ...,Pharmalittle: Novartis abandons an asthma drug billed as a ...
12/24/2019,"Moderna to develop vaccine candidates for seasonal flu, HIV. Shares of Moderna Inc. undefined were up 1.3% in premarket trading on Monday after the ...","Mylan, Micro Labs receive FDA approval to market generic Eliquis"
12/26/2019,Florida Medical Officials Prep For Moderna Vaccine's Rollout. CDC accepts their Advisory Committee on Immunization Practices' recommendation that Moderna's ...,Amazon to Open Distribution Center in Deltona
12/13/2019,A side-by-side comparison of the Pfizer/BioNTech and Moderna vaccines. A side-by-side comparison of the Pfizer/BioNTech and Moderna vaccines.,"The good, bad, and really, really ugly behind Sarepta's drug ..."
12/30/2019,"... COVID-19 vaccines — Here's how much Pfizer, Moderna, Sputnik V shots will ... COVID-19 vaccines — Here's how much Pfizer, Moderna, Sputnik V shots will ...",Aayush Sharma shares first picture of daughter Ayat alongside wife Arpita and son Ahil
12/12/2019,"Other KRAS contenders include Moderna and Merck's mRNA-5671; J&J's collaboration with Wellspring on ARS-3248, a G12C targeted small molecule; and ...",KRAS analysis vaults Merck's flagship Keytruda back into the ...
12/3/2019,Sanofi acquires immune and inflammatory disease specialist Kymab · Moderna's COVID-19 vaccine approved by the MHRA. COVID-19 ...,NICE expands recommendation for Lynparza tablets
12/29/2019,"Moderna's coronavirus vaccine which showed an efficacy rate of 94.1 per cent has been approved by a handful of countries, including the UK and the US for ...","In maiden cabinet decision, Hemant Soren govt withdraws Pathalgadi sedition cases"
12/24/2019,"PFIZER, MODERNA TESTING VACCINES AGAINST COVID VARIANT. Health. PFIZER, MODERNA TESTING VACCINES AGAINST COVID VARIANT. CA: MAN ...",Raleigh man drops over 140 pounds thanks to CrossFit and community
12/26/2019,moderna-covid-19-vaccine. How has the Moderna COVID-19 Vaccine Rollout been so far?,Ed Sheeran Was Fat Shamed Into His Weight Loss Journey
12/27/2019,US doctor has severe allergic reaction to Moderna COVID-19 vaccine - Can ... US doctor has severe allergic reaction to Moderna COVID-19 vaccine - Can ...,CAA protest: Rallies continue in Assam
12/23/2019,Moderna's COVID-19 vaccine approved by the MHRA 路 Bayer and CureVac join forces on COVID-19 vaccine candidate CVnCoV 路 COVID-19 ...,Opportunity for new data science partnership and projects
12/17/2019,"Moderna's coronavirus vaccine which showed an efficacy rate of 94.1 per cent has been approved by a handful of countries, including the UK and the US for ...","If anti-BJP means pro-Pakistan, PM Modi is speaking George Bush's language, says Kanhaiya Kumar"
12/13/2019,Will Moderna's Covid vaccine come to India? Sources say talks still in very early stages. Moderna's coronavirus vaccine which showed an efficacy rate of 94.1 per ...,"Citizenship Amendment Bill gets President's assent, becomes Act"
12/19/2019,Moderna says US ordered 100 mn additional doses of COVID-19 vaccine ... Moderna says US ordered 100 mn additional doses of COVID-19 vaccine.,"CAA, NRC & media gag: Sharad Pawar eyes Opposition unity"
12/19/2019,FDA Advisers Recommend Moderna COVID-19 Vaccine; Azar Says ... Services Secretary Alex Azar says the FDA has informed Moderna approval is coming.,CDC: 12 Million Young Adults Admit to Driving on Marijuana
12/12/2019,Listen: Moderna Says It Can Deliver 1 Billion Covid 19 Vaccine Doses This Year.,Chilean Military Plane Which Disappeared Mid-Flight Located.
12/9/2019,"Moderna's coronavirus vaccine which showed an efficacy rate of 94.1 per cent has been approved by a handful of countries, including the UK and the US for ...",Constitution Amendment Bill introduced in Lok Sabha
12/5/2019,Sanofi acquires immune and inflammatory disease specialist Kymab 路 Moderna's COVID-19 vaccine approved by the MHRA 路 COVID-19 ...,Novartis highlights progress in R&D pipeline
12/20/2019,Will Moderna's Covid vaccine come to India? Sources say talks still in very early stages. Moderna's coronavirus vaccine which showed an efficacy rate of 94.1 per ...,CAA protest: Curfew relaxed for 16 hours in Shillong
12/15/2019,"Moderna's coronavirus vaccine which showed an efficacy rate of 94.1 per cent has been approved by a handful of countries, including the UK and the US for ...",Bharat Bachao rally: Congress workers protest against Modi govt outside high commission in London
12/16/2019,"17K Moderna vaccines arrive in province. Air Date: December 29, 2020. false. A group of Calgary musicians are making beautiful holiday music from the curb.",Christmas comes early as fire department receives 3000 ...
12/29/2019,"Moderna Inc. said on Wednesday it expects that the immunity induced by its COVID-19 vaccine would... Posted on December 24, 2020.",Shooting in Redmans Village – NationNews Barbados — nationnews.com
12/10/2019,Moderna's COVID-19 vaccine approved by the MHRA · Bayer and CureVac join forces on COVID-19 vaccine candidate CVnCoV. COVID-19 ...,AstraZeneca and MSD's Lynparza™ now available in Scotland
12/21/2019,"Moderna's coronavirus vaccine which showed an efficacy rate of 94.1 per cent has been approved by a handful of countries, including the UK and the US for ...","20 detained, 130 booked for violence during anti-CAA protests in Maharashtra"
12/19/2019,"Moderna's coronavirus vaccine which showed an efficacy rate of 94.1 per cent has been approved by a handful of countries, including the UK and the US for ...",Pinaka guided rocket system successfully test-fired from base on Odisha coast
12/2/2019,"AMSTERDAM — The European Union's executive commission gave the green light Wednesday to Moderna Inc.'s covid-19 vaccine, providing the 27-nation ...",Allegheny Health Network reports 10th straight quarter of ...
12/20/2019,"Moderna's coronavirus vaccine which showed an efficacy rate of 94.1 per cent has been approved by a handful of countries, including the UK and the US for ...",Anti-CAA protest: Traffic snarls in parts of old Delhi
12/29/2019,Boston doctor was 'scared to death' by allergic reaction to Moderna COVID vaccine · Woman dies after falling between Manhattan subway cars · 'A selfless ...,Search suspended for missing Oregon woman last seen a week ago with boyfriend
12/3/2019,Today'sPopular Stories. ScienceCoronavirus Coverage. FDA confirms Moderna's vaccine is 94.1-percent effective; emergency approval expected this week.,See our four favorite innovations this month
12/18/2019,Sanofi acquires immune and inflammatory disease specialist Kymab · Moderna's COVID-19 vaccine approved by the MHRA. COVID-19 ...,First-in-human trial for new lung cancer immunotherapy
12/4/2019,Moderna chairman: We don't need deep-freeze conditions for vaccine. Party City CEO: Consumers still want to celebrate together. In this photo provided by the ...,Why this strategist thinks stocks will keep climbing in 2020
12/9/2019,"Moderna · Boston Doctor Has Allergic Reaction to Moderna's COVID Vaccine, Uses Own... Mass.","Trump, Dems in Tentative Deal on North American Trade Pact"
12/16/2019,"CSULB to receive Moderna COVID-19 vaccine, faculty and staff first to receive doses. 4. The sea of empty blue seats at SDCCU Stadium is a bittersweet sight as ...",Police searching for man suspected of indecent exposure on ...
12/18/2019,FIRST MODERNA COVID-19 VACCINE BATCH IN TRANSIT (4:30p ET PKG). MS: FIRST MODERNA VACCINE SHIPMENT LEAVES DISTRIBUTION FACILITY.,"San Francisco woman offers $7K reward, flies plane banner to find stolen dog"
12/18/2019,Health Canada approves 'game-changer' Moderna COVID-19 vaccine ... 24: COVID-19 vaccine fast track · false. First set of Moderna vaccine arrives in Canada ...,SNC-Lavalin back in court in shadow of former executive's ...
12/20/2019,Sanofi acquires immune and inflammatory disease specialist Kymab · Moderna's COVID-19 vaccine approved by the MHRA · COVID-19 ...,Start-up launches Christmas ecard collaboration with BHF
12/13/2019,"Zdenka Badovinac was forced by Slovenia's new right-wing government from her post as director of Ljubljana's Moderna Galerija, a position held since 1993.",Annika Thiems Wins 2019 NEON Curatorial Award
12/16/2019,Health Canada approves 'game-changer' Moderna COVID-19 vaccine · Hundreds of people in need wait in line to receive toys and food at the Grace ...,China says 'blinded and misled' Ozil welcome to visit Xinjiang
12/16/2019,"Moderna to develop vaccine candidates for seasonal flu, HIV. Shares of Moderna Inc. undefined were up 1.3% in premarket trading on Monday after the ...",Amazon blocks sellers from using FedEx Ground for Prime ...
12/11/2019,Sanofi acquires immune and inflammatory disease specialist Kymab · Moderna's COVID-19 vaccine approved by the MHRA · COVID-19 ...,Servier and UCL collaborate on immune-inflammatory ...
12/27/2019,"Moderna to develop vaccine candidates for seasonal flu, HIV. Shares of Moderna Inc. undefined were up 1.3% in premarket trading on Monday after the ...","MedMen to raise $74 million through the sale of licenses in non-core states, class B stock offering"
12/24/2019,Listen: Moderna Says It Can Deliver 1 Billion Covid 19 Vaccine Doses This Year.,Group Of Celebrities Criticised For Accepting Paid Visit To ...
12/13/2019,Moderna is getting some help with both candidates: mRNA-1644 is being developed in collaboration with the International AIDS Vaccine Initiative and the Bill and ...,Verizon's Edge Computing Partnership With Amazon Is What 5G Is All About
12/2/2019,US doctor has severe allergic reaction to Moderna COVID-19 vaccine - Can ... US doctor has severe allergic reaction to Moderna COVID-19 vaccine - Can ...,Ashutosh Gowariker is like a history book: Kriti Sanon
12/6/2019,"In December 2018, Moderna went public at a valuation of $7.5 billion in what was the largest biotech IPO in history. The company had only one program in ...",Here's Why Investors Should Steer Clear of Emerson (EMR)
12/24/2019,"Zdenka Badovinac was forced by Slovenia's new right-wing government from her post as director of Ljubljana's Moderna Galerija, a position held since 1993.",Marciano Art Foundation Sued in Wake of Abrupt Closure and ...
12/31/2019,"Moderna to develop vaccine candidates for seasonal flu, HIV. Shares of Moderna Inc. undefined were up 1.3% in premarket trading on Monday after the ...",Bankruptcy court sides with PG&E over interest rate on debts
12/18/2019,"As part of its corporate update, Moderna said it had about $5.2 billion in cash as of Dec. 31, compared to the $1.2 billion in cash it had at the same time a year ago, ...",Cigna to sell its group life and disability insurance business for $6.3 billion in cash to New York Life
12/16/2019,Chicago Hospital Prepares for Arrival of Moderna's COVID-19 Vaccine. Last-Minute Shoppers Scramble Ahead of Christmas. Sunday Night Forecast. Clear the ...,"CTA Brown Line Groping Report Was Unfounded, Police Say"
12/10/2019,2 Which company to produce Moderna Covid-19 vaccines in Korea? 3 'AI algorithm can predict Alzheimer's disease in 1 minute' · 4 Covid-19 epidemic changes ...,"Sanofi, Hanmi to look for new partner to commercialize ..."
12/26/2019,"Moderna to develop vaccine candidates for seasonal flu, HIV. Shares of Moderna Inc. undefined were up 1.3% in premarket trading on Monday after the ...",Liquidia Technologies stock soars after Wedbush says private placement gives company runway through Q4 2020
12/23/2019,"Moderna to develop vaccine candidates for seasonal flu, HIV. Shares of Moderna Inc. undefined were up 1.3% in premarket trading on Monday after the ...","Twitter, Facebook take down global network of fake accounts ..."
12/5/2019,"Zdenka Badovinac was forced by Slovenia's new right-wing government from her post as director of Ljubljana's Moderna Galerija, a position held since 1993.",Museums Close as Workers of Various Industries Strike ...
12/4/2019,"Moderna to develop vaccine candidates for seasonal flu, HIV. Shares of Moderna Inc. undefined were up 1.3% in premarket trading on Monday after the ...","Ad agency founded by Britain’s ‘Mad Men’ issues profit warning, sending shares plunging 46%"
12/3/2019,"Zdenka Badovinac was forced by Slovenia's new right-wing government from her post as director of Ljubljana's Moderna Galerija, a position held since 1993.",Danish Court Rules Against Designers who Planned to Shred ...
12/16/2019,A side-by-side comparison of the Pfizer/BioNTech and Moderna vaccines. A side-by-side comparison of the Pfizer/BioNTech and Moderna vaccines.,Wave Life Sciences crashes on negative outcome of ...
12/13/2019,"Moderna Inc. said on Wednesday it expects that the immunity induced by its COVID-19 vaccine would... Posted on December 24, 2020. Frontline worker in ...",Four jailed for beheadings – NationNews Barbados — nationnews.com
12/30/2019,"Moderna's coronavirus vaccine which showed an efficacy rate of 94.1 per cent has been approved by a handful of countries, including the UK and the US for ...",Maharashtra Cabinet expansion: Ajit Pawar as deputy CM again?
12/17/2019,"Zdenka Badovinac was forced by Slovenia's new right-wing government from her post as director of Ljubljana's Moderna Galerija, a position held since 1993.",Art Dealers Association of America Foundation Announces ...
12/4/2019,"Zdenka Badovinac was forced by Slovenia's new right-wing government from her post as director of Ljubljana's Moderna Galerija, a position held since 1993.",Monetta White to Lead San Francisco's Museum of the African ...
12/8/2019,Tech companies doing business with the Pentagon has been rocky terrain · Referenced Symbols · Read Next · Read Next · Moderna to develop vaccine candidates ...,Jeff Bezos wants Amazon to get more Pentagon contracts
12/19/2019,"Delphi Technique Virtual Co-creation: A Customer Story · UK approves Moderna's COVID-19 vaccine, secures another 10 million doses · Two drugs found to ...",Trump administration advances drug importation plan
12/7/2019,"Moderna to develop vaccine candidates for seasonal flu, HIV. Shares of Moderna Inc. undefined were up 1.3% in premarket trading on Monday after the ...",Peloton says it’s ‘disappointed’ by how its viral ad was ‘misinterpreted’
12/9/2019,"Zdenka Badovinac was forced by Slovenia's new right-wing government from her post as director of Ljubljana's Moderna Galerija, a position held since 1993.",Teen Pleads Guilty to Pushing Boy Off Tate Modern's Viewing ...
12/26/2019,"Moderna to develop vaccine candidates for seasonal flu, HIV. Shares of Moderna Inc. undefined were up 1.3% in premarket trading on Monday after the ...","Uber’s Travis Kalanick is leaving the board, and that’s a good thing, analyst says"
12/17/2019,"Moderna to develop vaccine candidates for seasonal flu, HIV. Shares of Moderna Inc. undefined were up 1.3% in premarket trading on Monday after the ...",PG&E shares surge after $13.5 billion California wildfire settlement reworked
12/18/2019,02:54. GoodRx Co-CEO says Amazon Pharmacy isn't a competitor. Now playing. 02:45. Moderna chairman: We don't need deep-freeze conditions for vaccine.,"The best investment of the decade turned $1 into $90,000"
12/9/2019,"More in Biotech. MODERNA - Norwood facility. Exclusive · Selling stock like clockwork, Moderna's top doctor ...",Merck and Sanofi buy smaller cancer drug firms at big premiums
12/27/2019,"Moderna to develop vaccine candidates for seasonal flu, HIV. Shares of Moderna Inc. undefined were up 1.3% in premarket trading on Monday after the ...",Spectrum Pharmaceuticals shares slide 57% after lung cancer trial misses goals
12/19/2019,Shares of Moderna Inc. undefined were up 1.3% in premarket trading on Monday after the company said it plans to launch new development programs using its ...,"U.S. Steel to lay off workers, cut dividend and terminate stock buybacks"
12/19/2019,02:54. GoodRx Co-CEO says Amazon Pharmacy isn't a competitor. Now playing. 02:45. Moderna chairman: We don't need deep-freeze conditions for vaccine.,Robinhood trading app fined for 'failures'
12/30/2019,"Former auto exec, facing trial for financial misconduct, says Japanese justice system is 'rigged' · Referenced Symbols · Read Next · Read Next · Moderna to develop ...",Carlos Ghosn flees house arrest in Japan for Lebanon: 'I have ...
12/18/2019,"Delphi Technique Virtual Co-creation: A Customer Story · UK approves Moderna's COVID-19 vaccine, secures another 10 million doses · Two drugs found to ...",FDA panel clears Keytruda for hard-to-treat bladder cancer
12/4/2019,"Moderna to develop vaccine candidates for seasonal flu, HIV. Shares of Moderna Inc. undefined were up 1.3% in premarket trading on Monday after the ...","Jack Daniel’s maker Brown-Forman is unlikely to beat profit estimates this quarter, says this analyst"
12/28/2019,"As of last count, there were more than 30 small animals waiting to be adopted at the shelter. article continues below. Trending Stories. Slow trickle of Moderna ...",Children can read to critters at Coquitlam animal shelter
12/3/2019,13. South Cameron Memorial Hospital received its first shipment of the new Moderna COVID-19 vaccine today. By. Marcello Cuadra ...,Ramp closures on 210 WB at Cove Lane mean drivers will have to use Nelson exit to access area
12/17/2019,"D., J.D., senior vice president & general counsel, served as senior corporate counsel at Moderna, Inc. before joining the Triplet team. “We're excited to launch ...",Triplet Therapeutics Launches with $59 Million in Financing to ...
12/28/2019,"FDA Advisers Recommend Moderna COVID-19 Vaccine; Azar Says Authorization Could Come ""As Soon As Today"". Health and Human Services Secretary Alex ...",High-Fat Diet Might Be Linked to Vision Loss
12/12/2019,"UK approves Moderna Covid-19 vaccine and orders additional 10 million doses. Coronavirus | Less than an hour ago. Sorry, we are not accepting comments on ...",Dennis Skinner: The Beast of Bolsover who will roar no more
12/16/2019,"Zdenka Badovinac was forced by Slovenia's new right-wing government from her post as director of Ljubljana's Moderna Galerija, a position held since 1993.",France Vows to Return Plundered Benin Artifacts by 2021
12/16/2019,cineworld moderna coronavirus vaccine Cineworld has closed all of its venues in the UK and Ireland as film studios have delayed major releases during the ...,Cineworld to buy Canadian operator for $2.1bn
12/22/2019,"First batch of Moderna vaccine doses arrives in Canada · false. Prime Minister Justin Trudeau is urging Canadians to ""give thanks for everything that unites us ...",Sherrock wins second game at World Darts Championships
12/19/2019,"Delphi Technique Virtual Co-creation: A Customer Story · UK approves Moderna's COVID-19 vaccine, secures another 10 million doses · Two drugs found to ...",AbbVie's JAK inhibitor Rinvoq approved in EU for rheumatoid ...
12/5/2019,"Moderna Analysts Discuss Adcom Verdict, Distribution And Commercialization Of Coronavirus Vaccine. MRNA; PFE. 2 min read. 21 days ago Fri, 18 Dec 2020 ...",Aurinia Pharmaceuticals Call Buyers Hit The Jackpot With ...
12/10/2019,"Moderna COVID-19 vaccine arrives in Kentucky. By ... Beshear praises Moderna vaccine shipment, reports weekly decline in COVID cases. By ...",Wooster baby stricken with meningitis is fighting for his life; parents have a warning for others
12/11/2019,"The UK medicines regulator has approved Moderna's Covid-19 vaccine for emergency against the virus. Published. 1 hour ago. on. January 8, 2021. By.",EU to invest in Nigeria's automotive industry
12/20/2019,"Miller reiterated his in line rating and $143 stock price target, which is 2.7% below current levels. Read Next. Read Next. Moderna to ...",This is why Disney’s stock may be up despite bad reviews for ‘Star Wars: The Rise of Skywalker’
12/26/2019,"The UK medicines regulator has approved Moderna's Covid-19 vaccine for emergency against the virus. Published. 2 hours ago. on. January 8, 2021. By.",Airtel Africa to raise $37.5 million in Malawi
12/10/2019,First Moderna vaccines arrive in Belgium today... Brussels greenlights pedestrian zone at Place Royale... Young man dies after arrest by Brussels police:.,Extinction Rebellion claims responsibility for putting over ...
12/31/2019,"Moderna to develop vaccine candidates for seasonal flu, HIV. Shares of Moderna Inc. undefined were up 1.3% in premarket trading on Monday after the ...",Weed stocks rally on last day of a brutal year
12/13/2019,Moderna's COVID-19 vaccine requires freezing and or refrigeration before use. Moderna's vaccine is injected into the upper arm muscle. The … Continue reading [ ...,Court Date: Hernandez pleads not guilty
12/10/2019,"The UK medicines regulator has approved Moderna's Covid-19 vaccine for emergency use authorization against the coronavirus pandemic, making it the third ...",Nigeria's global gas flaring profile drops by 40% over 20yrs
12/26/2019,It's a European drug company and a competitor to Moderna in this space. Early investors in BioNTech include Pfizer and Sanofi. BioNTech's stock opened at ...,These Were the 10 Best IPOs of 2019
12/4/2019,"Moderna, Inc., a biotechnology company pioneering messenger RNA (mRNA) therapeutics and vaccines, and Kuehne+Nagel, a world-leading logistics ...",Circle Logistics expands into Orlando | AJOT.COM
12/28/2019,"Moderna to develop vaccine candidates for seasonal flu, HIV. Shares of Moderna Inc. undefined were up 1.3% in premarket trading on Monday after the ...",Tesla’s stock continues record-setting run after analyst raises share-price target by $100
12/13/2019,"More in Biotech. MODERNA - Norwood facility. Exclusive · Selling stock like clockwork, Moderna's top doctor ...",Biotech veteran Chris Garabedian on Sarepta's legacy and ...
12/22/2019,"UK approves Moderna Covid-19 vaccine and orders additional 10 million doses. Coronavirus | Less than an hour ago. Sorry, we are not accepting comments on ...",Two feared dead after stabbing in Sussex
12/12/2019,"January 11, 2021. Archbishop Samuel J. Aquila recently received the first of two doses of the Moderna COVID-19 vaccine at St. Anthony's Hospital in Lakewood.","Alex, I'll take perks of a Catholic education for $500"
12/9/2019,"Moderna Vaccines slated for First Nations and PCH · Antler River Recreation Theatre Camp's presentation of Aladdin Jr. Like spider webs, the World Wide Web ...",Celebration of Lights
12/18/2019,Health Canada-approved COVID-19 treatment drug rejected by British Columbia · Slow trickle of Moderna vaccine deliveries to persist in B.C. until at least end ...,Fire destroys 40-foot cabin cruiser at Oak Bay Marina
12/4/2019,"Moderna to develop vaccine candidates for seasonal flu, HIV. Shares of Moderna Inc. undefined were up 1.3% in premarket trading on Monday after the ...",Constellation unloads $1 billion craft-beer acquisition Ballast Point to Chicago-area brewery
12/29/2019,London: The Moderna COVID-19 vaccine has been authorised for use by the medicines regulator. The Medicines… 8 hours ago. Blood donation drive in Adani ...,"Odisha: Under-construction overbridge falls on railway tracks at Sobharampur, train services affected"
12/6/2019,Moderna files for regulatory approval for Covid-19 vaccine. Moderna has filed for emergency regulatory approval for its Covid-19 vaccine candidate with ...,FDA and EMA tell heart medicine makers to test for 'cancer ...
12/20/2019,"Moderna to develop vaccine candidates for seasonal flu, HIV. Shares of Moderna Inc. undefined were up 1.3% in premarket trading on Monday after the ...",Chicken sandwich craze will give Sanderson Farms a bump in 2020
12/17/2019,Moderna's march from early herald of mRNA to savior in the fight against Covid-19 has been a sight to behold as better-funded competitors in the race for a ...,Eli Lilly spotlights early oncology in first pipeline review since ...
12/3/2019,"The UK medicines regulator has approved Moderna's Covid-19 vaccine for emergency against the virus. Published. 1 hour ago. on. January 8, 2021. By.","Nigeria ranked among top 20 countries affected by spam calls, SMS - Truecaller"
12/30/2019,"CoronavirusModerna vaccine: Third covid jab authorised for use in UKThe UK Government has ordered 17 million doses of the Moderna jab, but supplies will ...","Man, 30, injured in Govan Drive Road assault"
12/27/2019,"... Proactive weekly mining highlights: Great Western Mining, Arkle Resources, Tirupati Graphite, Castillo Copper · Coronavirus: UK approves Moderna vaccine ...",Advanced technology: The rise of the super trusts
12/6/2019,First Moderna vaccines arrive in Belgium today... Brussels greenlights pedestrian zone at Place Royale... Young man dies after arrest by Brussels police:.,Belgian driving licences get a makeover
12/12/2019,"Should I Get A Pfizer Or Moderna Covid-19 Vaccine? Your Questions Answered. Jan 9, 2021, 10:29am EST. Who Are The Vaccinated That Still Become Infected ...","How Prepared Are We For The Next Pandemic? Not Very, Experts Show"
12/3/2019,"January 11, 2021. Archbishop Samuel J. Aquila recently received the first of two doses of the Moderna COVID-19 vaccine at St. Anthony's Hospital in Lakewood.",An occasion worth celebrating
12/10/2019,"Une fiole du vaccin Moderna contre le Covid-19, le 21 décembre 2020 à. 08/01/2021. French medical regulator approves Moderna's Covid-19 vaccine. takeout.",French women may be the biggest losers under Macron’s pension reform plan
12/16/2019,A side-by-side comparison of the Pfizer/BioNTech and Moderna vaccines. A side-by-side comparison of the Pfizer/BioNTech and Moderna vaccines.,"Controversial dwarfism drug, after clearing pivotal study ..."
12/12/2019,Selma hospital anticipating Moderna vaccine as hospitalizations surge. Vaughan Regional Medical Center is anticipating the arrival of 900 doses of the ...,"Surgeon, hospital honored with Auburn’s International Quality of Life awards"
12/15/2019,"First Moderna vaccine consignment lands in Israel. 500,000 Moderna vaccine doses are expected in Israel in the coming few weeks and Pfizer will deliver more ...","Stratoscale closes down, lays off 60 - Globes"
12/17/2019,"First Moderna vaccine consignment lands in Israel. 500,000 Moderna vaccine doses are expected in Israel in the coming few weeks and Pfizer will deliver more ...",Shekel rebounds against dollar - Globes
12/17/2019,"First Moderna vaccine consignment lands in Israel. 500,000 Moderna vaccine doses are expected in Israel in the coming few weeks and Pfizer will deliver more ...",Aleph closes $200m third venture capital fund
12/21/2019,Moderna CEO says vaccine likely to protect for 'couple of years'. by Reuters | Posted by Prashasti Singh. Covid update: Covaxin phase 3 trial; China locks down ...,Pakistani professor sentenced to death over blasphemy charge
12/3/2019,"LATEST. UK approves Moderna's COVID-19 vaccine, secures another 10 million doses · Two drugs found to reduce mortality in severe COVID-19 patients ...",Amarin files fish oil-based heart drug Vascepa in Europe
12/9/2019,"The differences between the AstraZeneca, Pfizer, and Moderna Covid-19 vaccines ... The differences between the AstraZeneca, Pfizer, and Moderna Covid-19 ...","UL Ragin’ Cajuns to play Miami, Ohio, in LendingTree Bowl in Mobile, Ala."
12/19/2019,Slow trickle of Moderna vaccine deliveries to persist in B.C. until at least end of February · Vaccine. › Slow trickle of Moderna vaccine deliveries to persist in .,Texada Island ferry prepares for trip up the Pacific Ocean
12/18/2019,"(See Moderna stock analysis on TipRanks)To find good ideas for healthcare stocks trading at attractive valuations, visit TipRanks' Best Stocks to Buy, a newly ...",Cubasis 3 Now Available for iPad and iPhone
12/4/2019,"Un sogno, un'utopia, una visione romantica, questa è stata la Fiat 124 Spider moderna, presentata prima al Salone di Los Angeles del 2015 e sbarcata sui listini ...",Fiat 124 Spider: si chiude la produzione della roadster
12/28/2019,"Boston Doctor Who Had Allergic Reaction to Moderna Vaccine Describes ... Boston Doctor Has Allergic Reaction to Moderna's COVID Vaccine, Uses Own ...",Police Searching for Driver in Alleged Hit-and-Run Involving Dog
12/18/2019,New Research From deCODE Genetics: Identical Twins Not Always With Identical Genes · Moderna Coronavirus Vaccines Probably Arriving In Iceland Next ...,From Iceland — Want To Meet Jesus? Master Hilarion Could ...
12/17/2019,"BUZZ-Down as Piper Sandler downgrades to 'neutral', cuts PT ** Moderna Inc MRNA.O: up 4.5%. BUZZ-Up after EMA approves COVID-19 vaccine for ...",3 “Strong Buy” Healthcare Stocks That Can Double in 2020
12/19/2019,Moderna Coronavirus Vaccines Probably Arriving In Iceland Next Week. News · Moderna Coronavirus Vaccines Probably Arriving In Iceland Next Week ...,From Iceland — Icelandic Population Grows With Help Of ...
12/21/2019,"CoronavirusModerna vaccine: Third covid jab authorised for use in UKThe UK Government has ordered 17 million doses of the Moderna jab, but supplies will ...",St Vincent Place closed as emergency services rush to city centre accident
12/19/2019,"January 11, 2021. Archbishop Samuel J. Aquila recently received the first of two doses of the Moderna COVID-19 vaccine at St. Anthony's Hospital in Lakewood.",A Cause for True Celebration
12/3/2019,DCH Regional Medical Center not yet offering Moderna coronavirus vaccine. DCH Regional Medical Center is offering the Pfizer COVID-19 vaccination to front ...,Etowah County students wear pajamas to school for Giving Tuesday
12/28/2019,Moderna's march from early herald of mRNA to savior in the fight against Covid-19 has been a sight to behold as better-funded competitors in the race for a ...,Antibiotics apocalypse: Melinta files for bankruptcy protection ...
12/11/2019,Moderna COVID-19 vaccine arrives in Kentucky. Two truckloads of the Moderna COVID-19 vaccine arrived Sunday morning from a distribution facility in ...,Greta Thunberg is Time’s ‘Person of the Year’
12/9/2019,"Kuehne+Nagel finalizes agreement with Moderna for Covid-19 vaccine distribution. Moderna, Inc., a biotechnology company pioneering messenger RNA ...",DB Schenker opens fully solar-powered logistics center in Dubai
12/3/2019,Moderna Coronavirus Vaccines Probably Arriving In Iceland Next Week. News · Moderna Coronavirus Vaccines Probably Arriving In Iceland Next Week ...,From Iceland — Reykjavík City Council Racks Up Massive 7.2 ...
12/23/2019,... recommends authorisation of Moderna's COVID-19 vaccine · WHO advises both doses of Pfizer/BioNTech's COVID-19 vaccine within a 21-28 day schedule ...,Takeda's subcutaneous Entyvio formulation faces FDA rejection
12/13/2019,"Premier Jason Kenney says the Moderna vaccine will arrive Wednesday. ""Today 16,900 doses of Moderna vaccine will arrive in Alberta and will…",CP Holiday Train Delivers Generous Gift to Okotoks Food Bank
12/20/2019,"The differences between the AstraZeneca, Pfizer, and Moderna Covid-19 vaccines ... The differences between the AstraZeneca, Pfizer, and Moderna Covid-19 ...","Calcasieu couple arrested for illegal possession of firearms, silencer and drugs"
12/18/2019,Moderna CEO says vaccine likely to protect for 'couple of years'. by Reuters | Posted by Prashasti Singh. Covid update: Covaxin phase 3 trial; China locks down ...,"Joe Biden, 77, is healthy and fit to serve as US president, his doctor says"
12/23/2019,"With the Moderna vaccine, the second one now authorised in the EU, we will have a further 160 million doses. And more vaccines will come. Europe has ...",EU is boosting its support to Morocco with new programmes ...
12/11/2019,"The U.S. is considering a second vaccine, made by Moderna Inc., that could roll out in another week. In early January, Johnson & Johnson expects to learn if its ...","Suspected Prop Results in Bomb Squad Response, Evacuations Near Warner Bros. Studios"
12/2/2019,"Moderna to seek US, EU emergency authorization Monday after COVID-19 ... gained authorization in the U.K. Also, Merck sold its investment in Moderna.",BabyNames.com Announces the Top Names of 2019
12/12/2019,"Scientist working on the Moderna coronavirus vaccine. 11 Jan 2021, 8:57am. Moderna Covid vaccine becomes third jab approved for UK use · In this April 7, ...",Greenpeace activists set off flares atop new EU headquarters as leaders gather for climate change talks
12/2/2019,"The U.S. is considering a second vaccine, made by Moderna Inc., that could roll out in another week. In early January, Johnson & Johnson expects to learn if its ...","Dictionary.com Picks ""Existential"" as Word of the Year"
12/12/2019,Moderna's march from early herald of mRNA to savior in the fight against Covid-19 has been a sight to behold as better-funded competitors in the race for a ...,Little Leo Pharma enters the prize-fight ring with positive PhIII ...
12/4/2019,Moderna COVID-19 vaccine may cause side effects in people with facial fillers. Two people have developed facial swelling after vaccination during Moderna's ...,Tyler Perry’s ‘Madea’s Farewell Play Tour’ comes to VSU
12/23/2019,"Sonoma County gets 1st doses of Moderna vaccine. Local hospitals are now receiving vaccine shipments directly from Pfizer and Moderna, with most early ...",Pairings: Sparkling wine is perfect with Crab Louie
12/11/2019,La tela scoperta in un'intercapedine della Galleria d'arte moderna Ricci Oddi. Dallo stesso luogo era sparito “Il ritratto di Signora”. Ora le analisi per certificarne ...,"Ritrovato un quadro a Piacenza, potrebbe essere un dipinto di Klimt rubato nel 1997. VIDEO"
12/5/2019,See Moderna's first vaccine batch prepared for shipment · site-logo · Facebook · Twitter · YouTube · Pinterest · Instagram · Bettendorf News · QCVarsity.com ...,SNAP changes will have major impact on Quad-Cities
12/8/2019,"Covid-19 vaccine update news Moderna oxford Pfizer who will get it first. 10 Jan 2021, 9:46am. Covid-19 vaccine: Latest updates on Oxford, Moderna and Pfizer ...","Performance artist devours $120,000 banana at Miami beach gallery"
12/1/2019,"Covid-19 vaccine update news Moderna oxford Pfizer who will get it first ... Covid-19 vaccine: Latest updates on Oxford, Moderna and Pfizer breakthroughs - and ...",Joe Biden mocked for 'no malarkey' campaign pledge
12/22/2019,"The U.S. is considering a second vaccine, made by Moderna Inc., that could roll out in another week. In early January, Johnson & Johnson expects to learn if its ...",Hilary Duff Marries Matthew Koma in Private Ceremony
12/19/2019,"Moderna has raised its production target for 2021 to at least 600 million doses, up by 100 million. 10 minutes ago. Yahoo Sport UK. Social ...",Is Unstoppable Domains blocking users from buying certain domains?
12/20/2019,"The U.S. is considering a second vaccine, made by Moderna Inc., that could roll out in another week. In early January, Johnson & Johnson expects to learn if its ...",House Asks for Documents in Jeffrey Epstein Probe From DOJ
12/18/2019,"The U.S. is considering a second vaccine, made by Moderna Inc., that could roll out in another week. In early January, Johnson & Johnson expects to learn if its ...","'To Kill a Mockingbird' Sets Free Performance for 18,000 New York School Students (Exclusive)"
12/4/2019,"The U.S. is considering a second vaccine, made by Moderna Inc., that could roll out in another week. In early January, Johnson & Johnson expects to learn if its ...",Dan Stevens of 'Downton Abbey' to Return to Broadway in 'Hangmen'
12/10/2019,"The U.S. is considering a second vaccine, made by Moderna Inc., that could roll out in another week. In early January, Johnson & Johnson expects to learn if its ...","Fox News Alums Gretchen Carlson, Julie Roginsky Launch Anti-NDA Initiative (Exclusive)"
12/15/2019,"Scientist working on the Moderna coronavirus vaccine. 11 Jan 2021, 8:57am. Moderna Covid vaccine becomes third jab approved for UK use Â· In this April 7, ...",Italian city evacuated as World War Two-era British bomb is defused
12/27/2019,COVID-INDIA: VACCINE SHIPMENT ARRIVES IN KOLKATA. FILE: MODERNA SAYS VACCINE SHOULD LAST AT LEAST A YEAR. (DNT) PUSH TO IMPEACH ...,Identity of headless body to be released - Local News 8
12/20/2019,Ottawa chose not to exercise option to buy 16 million more doses of Moderna vaccine. Raisa Patel. News -Politics. Discover more from CBC. Series Premiere ...,French telco Orange found guilty over workers' suicides in landmark ruling
