date,datetime,desc,img,link,media,title
1 month ago,2020-12-06 19:57:34.637126,The drug maker Pfizer said on Wednesday that its coronavirus vaccine was 95 percent effective and had no serious side effects — the first set of complete results ...,"data:image/gif;base64,R0lGODlhAQABAIAAAP///////yH5BAEKAAEALAAAAAABAAEAAAICTAEAOw==",https://www.nytimes.com/2020/11/18/health/pfizer-covid-vaccine.html,The New York Times,New Pfizer Results: Coronavirus Vaccine Is Safe and 95% Effective
th · 1 month ago,2020-12-06 19:57:40.073215,"(CNN) A final analysis of the Phase 3 trial of Pfizer's coronavirus vaccine shows it was 95% effective in preventing infections, even in older adults, and caused no ...","data:image/gif;base64,R0lGODlhAQABAIAAAP///////yH5BAEKAAEALAAAAAABAAEAAAICTAEAOw==",https://www.cnn.com/2020/11/18/health/pfizer-coronavirus-vaccine-safety/index.html,CNN,Pfizer and BioNTech say final analysis shows coronavirus vaccine is 95% effective with no safety concerns
1 month ago,2020-12-06 19:57:40.079171,"Pfizer is ready to ask the Food and Drug Administration to authorize emergency use of the company's COVID-19 vaccine, after an updated analysis of the clinical ...","data:image/gif;base64,R0lGODlhAQABAIAAAP///////yH5BAEKAAEALAAAAAABAAEAAAICTAEAOw==",https://www.npr.org/sections/health-shots/2020/11/18/936060122/pfizer-to-seek-fda-ok-for-covid-19-vaccine-within-days,NPR,Pfizer To Seek FDA Authorization For Coronavirus Vaccine : Shots - Health News
"Nov 9, 2020",2020-11-09 00:00:00.000000,"Bill Gruber, Pfizer's senior vice president of clinical development, told The Associated Press. “We're very encouraged.” ADVERTISEMENT. More COVID-19 News:.","data:image/gif;base64,R0lGODlhAQABAIAAAP///////yH5BAEKAAEALAAAAAABAAEAAAICTAEAOw==",https://apnews.com/article/pfizer-vaccine-effective-early-data-4f4ae2e3bad122d17742be22a2240ae8,Associated Press,Pfizer says COVID-19 vaccine is looking 90% effective
"on · Nov 10, 2020",2020-11-10 00:00:00.000000,"Pfizer's Early Data Shows Vaccine Is More Than 90% Effective. Pfizer announced positive early results from its coronavirus vaccine trial, cementing the lead in a ...","data:image/gif;base64,R0lGODlhAQABAIAAAP///////yH5BAEKAAEALAAAAAABAAEAAAICTAEAOw==",https://www.nytimes.com/2020/11/09/health/covid-vaccine-pfizer.html,The New York Times,Pfizer’s Early Data Shows Coronavirus Vaccine Is More Than 90% Effective
"th · Nov 9, 2020",2020-11-09 00:00:00.000000,"In Pfizer's 44,000-person trial, there have so far been 94 cases of covid-19, the disease caused by the virus, in people who were not previously infected. Fewer ...","data:image/gif;base64,R0lGODlhAQABAIAAAP///////yH5BAEKAAEALAAAAAABAAEAAAICTAEAOw==",https://www.washingtonpost.com/health/2020/11/09/pfizer-coronavirus-vaccine-effective/,Washington Post,"Pfizer’s coronavirus vaccine is more than 90 percent effective in first analysis, company reports"
"Nov 10, 2020",2020-11-10 00:00:00.000000,"Preliminary data from the Pfizer/BioNTech COVID-19 vaccine trial suggests it provides 90% efficacy at preventing the disease. At the very least, this news will ...","data:image/gif;base64,R0lGODlhAQABAIAAAP///////yH5BAEKAAEALAAAAAABAAEAAAICTAEAOw==",https://theconversation.com/pfizer-covid-vaccine-promising-results-heres-what-needs-to-happen-next-149809,The Conversation UK,Pfizer COVID vaccine: promising results – here's what needs to happen next
1 month ago,2020-12-06 19:57:40.398829,"Pfizer's Covid-19 vaccine, made in partnership with the German firm BioNTech, will need to be stored at subzero temperatures, and there are distribution ...","data:image/gif;base64,R0lGODlhAQABAIAAAP///////yH5BAEKAAEALAAAAAABAAEAAAICTAEAOw==",https://www.cnbc.com/2020/11/25/challenges-pfizer-faces-distributing-covid-19-vaccine-to-the-masses-.html,CNBC,The challenges Pfizer faces distributing its Covid-19 vaccine to the masses
1 month ago,2020-12-06 19:57:40.401844,How do the Pfizer-BioNTech and Moderna vaccines work? The first vaccine authorized in the United States was developed by pharmaceutical giant Pfizer and ...,"data:image/gif;base64,R0lGODlhAQABAIAAAP///////yH5BAEKAAEALAAAAAABAAEAAAICTAEAOw==",https://www.washingtonpost.com/health/interactive/2020/covid-vaccines-what-you-need-to-know/,Washington Post,"Your questions about coronavirus vaccines, answered"
1 month ago,2020-12-06 19:57:40.403880,"Charter flights bringing Pfizer's COVID-19 vaccine to the United States from Belgium began on Friday, the start of what the Federal Aviation Administration calls ...","data:image/gif;base64,R0lGODlhAQABAIAAAP///////yH5BAEKAAEALAAAAAABAAEAAAICTAEAOw==",https://www.usatoday.com/story/news/health/2020/11/29/pfizer-covid-vaccine-faa-belgium-air-shipment/6445339002/,USA TODAY,FAA confirms first 'mass air shipment' of Pfizer's COVID-19 vaccine from Belgium as US preps for distribution
1 month ago,2020-12-06 19:57:42.860997,Both Moderna and Pfizer's vaccine candidates involve 2 doses of injection to arm several weeks apart. By Kayla Rivas | Fox News.,"data:image/gif;base64,R0lGODlhAQABAIAAAP///////yH5BAEKAAEALAAAAAABAAEAAAICTAEAOw==",https://www.foxnews.com/health/how-do-moderna-and-pfizer-coronavirus-vaccines-compare,Fox News,How do the Moderna and Pfizer coronavirus vaccines compare?
1 month ago,2020-12-06 19:57:42.871894,"Pfizer's vaccine announcement was an overall positive surprise for the market, affecting companies well outside the pharmaceutical industry. In addition to lifting ...","data:image/gif;base64,R0lGODlhAQABAIAAAP///////yH5BAEKAAEALAAAAAABAAEAAAICTAEAOw==",https://www.investopedia.com/pfizer-and-the-headline-effect-5087757,Investopedia,Pfizer (PFE) and the Headline Effect
th · 1 month ago,2020-12-06 19:57:43.032466,"Last week, Pfizer and BioNTech said an early analysis of their vaccine candidate showed it was more than 90% effective in preventing Covid-19 infections ...","data:image/gif;base64,R0lGODlhAQABAIAAAP///////yH5BAEKAAEALAAAAAABAAEAAAICTAEAOw==",https://www.cnbc.com/2020/11/16/coronavirus-biontech-ceo-says-life-could-return-to-normal-next-winter.html,CNBC,The creator of the Pfizer-BioNTech vaccine says life could return to normal by next winter
"Jul 28, 2020",2020-07-28 00:00:00.000000,Pfizer's coronavirus vaccines all use pieces of genetic material to prompt the vaccine recipient to make antibodies against specific parts of the coronavirus. Pfizer ...,"data:image/gif;base64,R0lGODlhAQABAIAAAP///////yH5BAEKAAEALAAAAAABAAEAAAICTAEAOw==",https://www.cnn.com/2020/07/28/health/pfizer-coronavirus-vaccine-trial-begins-biontech/index.html,CNN,Pfizer and BioNTech begin large-scale trial of coronavirus vaccine in the United States
th · 1 month ago,2020-12-06 19:57:43.158132,"A second company, Pfizer, announced late Monday afternoon that it had also begun a late-stage study of a coronavirus vaccine. Pfizer has been working with a ...","data:image/gif;base64,R0lGODlhAQABAIAAAP///////yH5BAEKAAEALAAAAAABAAEAAAICTAEAOw==",https://www.nytimes.com/2020/07/27/health/moderna-vaccine-covid.html,The New York Times,Moderna and Pfizer Begin Late-Stage Coronavirus Vaccine Trials
"Jul 28, 2020",2020-07-28 00:00:00.000000,Pfizer and German biotech partner BioNTech have on the same day as rival Moderna kick-started a late-stage effort for their “best” attempt at an mRNA ...,"data:image/gif;base64,R0lGODlhAQABAIAAAP///////yH5BAEKAAEALAAAAAABAAEAAAICTAEAOw==",https://www.fiercebiotech.com/biotech/pfizer-biontech-start-their-covid-vax-phase-3-squaring-off-moderna,FierceBiotech,"Pfizer, BioNTech start their COVID-19 vax phase 3, squaring ..."
"Oct 16, 2020",2020-10-16 00:00:00.000000,"Pfizer, the apparent front-runner in developing a COVID-19 vaccine for the United States, says its results won't be ready until mid-November at the earliest.","data:image/gif;base64,R0lGODlhAQABAIAAAP///////yH5BAEKAAEALAAAAAABAAEAAAICTAEAOw==",https://www.npr.org/sections/coronavirus-live-updates/2020/10/16/924502362/pfizer-covid-19-vaccine-wont-be-ready-by-election-day,NPR,Pfizer COVID-19 Vaccine Delayed Until At Least Late November : Coronavirus Updates
"Oct 5, 2020",2020-10-05 00:00:00.000000,Three patients taking part in clinical trials for Moderna's (NASDAQ:MRNA) coronavirus vaccine candidate and two taking part in Pfizer's (NYSE:PFE) study have ...,"data:image/gif;base64,R0lGODlhAQABAIAAAP///////yH5BAEKAAEALAAAAAABAAEAAAICTAEAOw==",https://www.fool.com/investing/2020/10/05/report-moderna-and-pfizer-vaccine-trial-participan/,Motley Fool,Report: Moderna and Pfizer Vaccine Trial Participants Report Serious Side Effects
"Jul 22, 2020",2020-07-22 00:00:00.000000,Pharmaceutical giant Pfizer and German biotechnology firm BioNTech will supply the federal government with 100 million doses of their coronavirus vaccine ...,"data:image/gif;base64,R0lGODlhAQABAIAAAP///////yH5BAEKAAEALAAAAAABAAEAAAICTAEAOw==",https://www.washingtonpost.com/business/2020/07/22/pfizer-biontech-vaccine-contract-coronavirus/,Washington Post,"Pfizer, BioNTech reach $1.95 billion covid-19 vaccine deal with U.S. government"
"Nov 2, 2020",2020-11-02 00:00:00.000000,Pfizer's product must be maintained at minus 75 degrees Celsius (-109.3 degrees Fahrenheit) to maintain its effectiveness. Officials this week said they expect to ...,"data:image/gif;base64,R0lGODlhAQABAIAAAP///////yH5BAEKAAEALAAAAAABAAEAAAICTAEAOw==",https://www.freightwaves.com/news/pfizer-to-bypass-us-government-system-for-covid-vaccine-distribution,FreightWaves,Pfizer to bypass US government system for COVID vaccine distribution
1 month ago,2020-12-06 19:57:46.017543,"The U.K. is poised to become the first country to approve Pfizer Inc. and BioNTech SE's Covid-19 vaccine, ahead of a long line of countries waiting for protection ...","data:image/gif;base64,R0lGODlhAQABAIAAAP///////yH5BAEKAAEALAAAAAABAAEAAAICTAEAOw==",https://www.bloomberg.com/news/articles/2020-11-28/u-k-poised-to-be-first-to-approve-pfizer-biontech-covid-vaccine,Bloomberg,U.K. Set to Be First to Clear Pfizer-BioNTech Covid Vaccine
"Aug 6, 2020",2020-08-06 00:00:00.000000,"Enrollment in phase 3 clinical trials for Pfizer's vaccine and another in development from Moderna began in July. Half, or about 15,000, in each company's trials ...","data:image/gif;base64,R0lGODlhAQABAIAAAP///////yH5BAEKAAEALAAAAAABAAEAAAICTAEAOw==",https://www.forbes.com/sites/brucejapsen/2020/08/06/pfizer-ceo-bourla-we-will-know-by-october-whether-our-covid-19-works/,Forbes,Pfizer CEO: Weâ€™ll Know By October Whether Covid-19 Vaccine Works
1 month ago,2020-12-06 19:57:46.021607,7 Stocks That Could Benefit From Pfizer's COVID-19 Vaccine That Requires Cold Chain Storage. Read full article.,"data:image/gif;base64,R0lGODlhAQABAIAAAP///////yH5BAEKAAEALAAAAAABAAEAAAICTAEAOw==",https://finance.yahoo.com/news/7-stocks-could-benefit-pfizers-205532504.html,Yahoo Finance,7 Stocks That Could Benefit From Pfizer's COVID-19 Vaccine That Requires Cold Chain Storage
"Sep 9, 2020",2020-09-09 00:00:00.000000,Pfizer and BioNTech are developing mRNA vaccines to fight COVID-19 and have released preclinical data on their lead candidate.,"data:image/gif;base64,R0lGODlhAQABAIAAAP///////yH5BAEKAAEALAAAAAABAAEAAAICTAEAOw==",https://www.fiercebiotech.com/research/pfizer-biontech-report-strong-immune-response-animals-to-covid-19-mrna-vaccine-candidate,FierceBiotech,"Pfizer, BioNTech report 'strong' immune response in animals ..."
"Jul 1, 2020",2020-07-01 00:00:00.000000,Pfizer shares jumped after it released positive results from its closely watched early stage human trial on a coronavirus vaccine. The trial evaluated 45 people.,"data:image/gif;base64,R0lGODlhAQABAIAAAP///////yH5BAEKAAEALAAAAAABAAEAAAICTAEAOw==",https://www.cnbc.com/2020/07/01/pfizer-stock-jumps-after-it-reports-positive-data-in-early-stage-coronavirus-vaccine-trial.html,CNBC,Pfizer stock jumps after it reports positive data in early stage coronavirus vaccine trial
"Sep 17, 2020",2020-09-17 00:00:00.000000,"Moderna's study will involve 30,000 participants, and Pfizer's 44,000. Companies typically share these documents after their studies are complete. The disclosures ...","data:image/gif;base64,R0lGODlhAQABAIAAAP///////yH5BAEKAAEALAAAAAABAAEAAAICTAEAOw==",https://www.nytimes.com/2020/09/17/health/covid-moderna-vaccine.html,The New York Times,Coronavirus Vaccine: Moderna and Pfizer Reveal Secret Blueprints Trials
"Oct 21, 2020",2020-10-21 00:00:00.000000,Analysts at SVB Leerink predict Pfizer's COVID-19 vaccine will be the first to market and there will be 80% uptake among healthcare workers and high-risk adults ...,"data:image/gif;base64,R0lGODlhAQABAIAAAP///////yH5BAEKAAEALAAAAAABAAEAAAICTAEAOw==",https://www.fiercepharma.com/pharma/pfizer-could-haul-3-5b-2021-from-covid-19-vaccine-analyst,FiercePharma,Pfizer could haul in $3.5B in 2021 from COVID-19 vaccine ...
"Oct 27, 2020",2020-10-27 00:00:00.000000,"Pfizer, one of the leaders in the race to develop a vaccine against COVID-19, said the final-stage trial of its vaccine candidate has now enrolled nearly all of the ...","data:image/gif;base64,R0lGODlhAQABAIAAAP///////yH5BAEKAAEALAAAAAABAAEAAAICTAEAOw==",https://www.cbsnews.com/news/covid-vaccine-pfizer-emergency-use-authorization-fda/,CBS News,Pfizer will seek emergency-use authorization for COVID-19 vaccine
"Nov 9, 2020",2020-11-09 00:00:00.000000,"Pfizer Begins Human Trials of Possible Coronavirus Vaccine. The drug company, along with a German partner, is running tests in healthy volunteers. It's one of ...","data:image/gif;base64,R0lGODlhAQABAIAAAP///////yH5BAEKAAEALAAAAAABAAEAAAICTAEAOw==",https://www.nytimes.com/2020/05/05/health/pfizer-vaccine-coronavirus.html,The New York Times,Pfizer Begins Human Trials of Possible Coronavirus Vaccine
1 month ago,2020-12-06 19:57:46.039516,"But Pfizer's candidate began clinical testing only months after scientists published the genome sequence for SARS-CoV-2, the coronavirus that causes COVID.","data:image/gif;base64,R0lGODlhAQABAIAAAP///////yH5BAEKAAEALAAAAAABAAEAAAICTAEAOw==",https://www.scientificamerican.com/article/early-covid-vaccine-results-bode-well-for-an-approval-this-year/,Scientific American,Early COVID Vaccine Results Bode Well for an Approval This ...
1 month ago,2020-12-06 19:57:49.324254,"The Oxford vaccine, at a price of around £3, also costs far less than Pfizer's (around £15) or Moderna's (£25) vaccines. And the Oxford technology is more ...","data:image/gif;base64,R0lGODlhAQABAIAAAP///////yH5BAEKAAEALAAAAAABAAEAAAICTAEAOw==",https://www.bbc.com/news/health-55040635,BBC News,Covid-19: Oxford University vaccine is highly effective
"Sep 12, 2020",2020-09-12 00:00:00.000000,"This release contains forward-looking information about Pfizer's efforts to combat COVID-19, the collaboration between BioNTech and Pfizer to develop a potential ...","data:image/gif;base64,R0lGODlhAQABAIAAAP///////yH5BAEKAAEALAAAAAABAAEAAAICTAEAOw==",https://www.businesswire.com/news/home/20200912005013/en/Pfizer-and-BioNTech-Propose-Expansion-of-Pivotal-COVID-19-Vaccine-Trial,,Pfizer and BioNTech Propose Expansion of Pivotal COVID-19 ...
"Sep 13, 2020",2020-09-13 00:00:00.000000,Pfizer CEO Albert Bourla said the drugmaker should have key data from its late-stage trial for the Food and Drug Administration by the end of October. If the FDA ...,"data:image/gif;base64,R0lGODlhAQABAIAAAP///////yH5BAEKAAEALAAAAAABAAEAAAICTAEAOw==",https://www.cnbc.com/2020/09/13/coronavirus-pfizer-vaccine-could-be-given-to-americans-before-end-of-year-ceo-says.html,CNBC,"Pfizer coronavirus vaccine could be given to Americans before end of the year, CEO says"
"Sep 12, 2020",2020-09-12 00:00:00.000000,"Both vaccines require a second shot; Pfizer's is given after three weeks, while Moderna's is given after four. The Pfizer trial also starts to count cases of Covid-19 ...","data:image/gif;base64,R0lGODlhAQABAIAAAP///////yH5BAEKAAEALAAAAAABAAEAAAICTAEAOw==",https://www.statnews.com/2020/09/12/pfizer-and-biontech-announce-plan-to-expand-covid-19-vaccine-trial/,STAT,Pfizer and BioNTech announce plan to expand Covid-19 ...
"Aug 20, 2020",2020-08-20 00:00:00.000000,Pfizer and BioNTech's favored Covid-19 vaccine has fewer side effects than their ... senior vice president of vaccine clinical research and development at Pfizer.,"data:image/gif;base64,R0lGODlhAQABAIAAAP///////yH5BAEKAAEALAAAAAABAAEAAAICTAEAOw==",https://www.statnews.com/2020/08/20/pfizer-biontech-favored-covid19-vaccine-has-fewer-side-effects-than-first-one/,STAT,Pfizer-BioNTech favored Covid-19 vaccine has fewer side ...
"Apr 29, 2020",2020-04-29 00:00:00.000000,Pfizer and partner BioNTech are keeping pace with the speed of the sweeping pandemic as they finish dosing in the first cohort of their COVID-19 inoculation ...,"data:image/gif;base64,R0lGODlhAQABAIAAAP///////yH5BAEKAAEALAAAAAABAAEAAAICTAEAOw==",https://www.fiercebiotech.com/biotech/pfizer-biontech-pfizer-finish-dosing-covid-19-vax-test-emergency-use-could-start-fall,FierceBiotech,"Pfizer, BioNTech finish dosing in COVID-19 vax test ..."
"Jul 13, 2020",2020-07-13 00:00:00.000000,The Project Lightspeed vaccine development program is based on BioNTech's proprietary mRNA-based technology platforms and supported by Pfizer's global ...,"data:image/gif;base64,R0lGODlhAQABAIAAAP///////yH5BAEKAAEALAAAAAABAAEAAAICTAEAOw==",https://www.globenewswire.com/news-release/2020/07/13/2061084/0/en/Pfizer-and-BioNTech-Granted-FDA-Fast-Track-Designation-for-Two-Investigational-mRNA-based-Vaccine-Candidates-Against-SARS-CoV-2.html,,Pfizer and BioNTech Granted FDA Fast Track Designation for ...
"Apr 22, 2020",2020-04-22 00:00:00.000000,"BioNTech and Pfizer are jointly developing BNT162. The trial is the first clinical trial of a COVID-19 vaccine candidate to start in Germany, and is part of a global ...","data:image/gif;base64,R0lGODlhAQABAIAAAP///////yH5BAEKAAEALAAAAAABAAEAAAICTAEAOw==",https://www.globenewswire.com/news-release/2020/04/22/2019785/0/en/BioNTech-and-Pfizer-announce-regulatory-approval-from-German-authority-Paul-Ehrlich-Institut-to-commence-first-clinical-trial-of-COVID-19-vaccine-candidates.html,GlobeNewswire,BioNTech and Pfizer announce regulatory approval from ...
"Mar 16, 2020",2020-03-16 00:00:00.000000,"Pfizer and BioNTech will use research and development sites from both companies, including in the United States and Germany, the companies said. Slideshow ( ...","data:image/gif;base64,R0lGODlhAQABAIAAAP///////yH5BAEKAAEALAAAAAABAAEAAAICTAEAOw==",https://www.reuters.com/article/us-health-coronavirus-pfizer-biontech-idUSKBN2140LM,Reuters,"Pfizer, BioNTech to co-develop potential coronavirus vaccine"
1 month ago,2020-12-06 19:57:49.387200,"“Pfizer made a proposal to the Brazilian government, in line with deals we closed in other countries - including in Latin America, that would permit the vaccination ...","data:image/gif;base64,R0lGODlhAQABAIAAAP///////yH5BAEKAAEALAAAAAABAAEAAAICTAEAOw==",https://www.reuters.com/article/us-health-coronavirus-brazil-idUSKBN27Y2UC,Reuters,Pfizer offers Brazil deal for millions of vaccine doses
"Jul 29, 2020",2020-07-29 00:00:00.000000,Pfizer's study is moving rapidly and is targeting October to file for regulatory approval or emergency-use authorization. The company is aiming to determine the ...,"data:image/gif;base64,R0lGODlhAQABAIAAAP///////yH5BAEKAAEALAAAAAABAAEAAAICTAEAOw==",https://www.wsj.com/articles/pfizer-sales-fall-as-company-races-toward-covid-19-vaccine-11595936314,Wall Street Journal,Pfizer Foresees Lasting Demand for Covid-19 Vaccine
1 month ago,2020-12-06 19:57:50.992069,"Fauci Says Some People Will Start Getting Pfizer's COVID Vaccine Next Month. We need to hang in there a bit longer, Dr. Fauci said, because "" ...","data:image/gif;base64,R0lGODlhAQABAIAAAP///////yH5BAEKAAEALAAAAAABAAEAAAICTAEAOw==",https://www.vice.com/en/article/dy8ppv/fauci-says-some-people-will-start-getting-pfizers-covid-vaccine-next-month,VICE,Fauci Says Some People Will Start Getting Pfizer’s COVID Vaccine Next Month
"Aug 7, 2020",2020-08-07 00:00:00.000000,Pfizer has agreed to manufacture and supply Gilead Sciences' antiviral drug remdesivir. The multiyear agreement will support efforts to scale up the supply of ...,"data:image/gif;base64,R0lGODlhAQABAIAAAP///////yH5BAEKAAEALAAAAAABAAEAAAICTAEAOw==",https://www.cnbc.com/2020/08/07/pfizer-agrees-to-manufacture-gileads-coronavirus-drug-remdesivir.html,CNBC,Pfizer agrees to manufacture Gilead's coronavirus drug remdesivir
"Jul 30, 2020",2020-07-30 00:00:00.000000,"It was a little more than a month ago, at the virtual BIO conference, that Pfizer's chief business officer John Young said the company wasn't thinking about a ...","data:image/gif;base64,R0lGODlhAQABAIAAAP///////yH5BAEKAAEALAAAAAABAAEAAAICTAEAOw==",https://www.fiercepharma.com/pharma/pfizer-ceo-says-it-s-radical-to-suggest-pharma-should-forgo-profits-covid-19-vaccine-report,FiercePharma,Pfizer CEO says it's 'radical' to suggest pharma should forgo ...
1 month ago,2020-12-06 19:57:51.006027,"So Pfizer hasn't gotten any Warp Speed funding yet. With Moderna and other companies, by contrast, the government is helping to fund the vaccines' development ...","data:image/gif;base64,R0lGODlhAQABAIAAAP///////yH5BAEKAAEALAAAAAABAAEAAAICTAEAOw==",https://www.politifact.com/article/2020/nov/19/pfizer-moderna-covid-19-vaccines-and-operation-war/,PolitiFact,How Pfizer's and Moderna's COVID-19 vaccines are tied to ...
"Apr 9, 2020",2020-04-09 00:00:00.000000,"The collaboration will leverage Pfizer's broad expertise in vaccine research and development, regulatory capabilities, and global manufacturing and distribution ...","data:image/gif;base64,R0lGODlhAQABAIAAAP///////yH5BAEKAAEALAAAAAABAAEAAAICTAEAOw==",https://www.globenewswire.com/news-release/2020/04/09/2014250/0/en/Pfizer-and-BioNTech-Announce-Further-Details-on-Collaboration-to-Accelerate-Global-COVID-19-Vaccine-Development.html,GlobeNewswire,Pfizer and BioNTech Announce Further Details on ...
1 month ago,2020-12-06 19:57:51.010016,"Anthony Fauci, the top U.S. infectious disease expert said on the eve of Pfizer's announcement, adding that it's too early to abandon masks and other protective ...","data:image/gif;base64,R0lGODlhAQABAIAAAP///////yH5BAEKAAEALAAAAAABAAEAAAICTAEAOw==",https://www.dallasnews.com/business/health-care/2020/11/20/pfizer-biontech-seek-emergency-use-of-covid-19-shots-in-us/,The Dallas Morning News,"Pfizer, BioNTech seek emergency use of COVID-19 shots in U.S."
"Jan 2, 2020",2020-01-02 00:00:00.000000,"Gilead, Biogen, GSK, Pfizer and Others Increase List Prices of Some Drugs. Published: Jan 02, 2020 By Alex Keown. Drug price increase. Pharmaceutical ...","data:image/gif;base64,R0lGODlhAQABAIAAAP///////yH5BAEKAAEALAAAAAABAAEAAAICTAEAOw==",https://www.biospace.com/article/pharma-companies-ring-in-the-new-year-with-annual-list-price-increases/,BioSpace,"Gilead, Biogen, GSK, Pfizer and Others Increase List Prices of Some Drugs"
"May 7, 2020",2020-05-07 00:00:00.000000,"Pfizer has launched a phase I/II clinical trial for a vaccine for COVID-19. It is collaborating with an immunotherapy company, BioNTech, and testing four different ...","data:image/gif;base64,R0lGODlhAQABAIAAAP///////yH5BAEKAAEALAAAAAABAAEAAAICTAEAOw==",https://www.webmd.com/vaccines/covid-19-vaccine/news/20200507/pfizer-starts-clinical-trials-of-covid-19-vaccine,WebMD,Pfizer Starts Clinical Trials of COVID-19 Vaccine
1 month ago,2020-12-06 19:57:51.018992,"“Pfizer's COVID-19 vaccine development and manufacturing costs have been entirely self-funded,” Pfizer spokeswoman Jerica Pitts said this week. “We decided to ...","data:image/gif;base64,R0lGODlhAQABAIAAAP///////yH5BAEKAAEALAAAAAABAAEAAAICTAEAOw==",https://www.chicagotribune.com/coronavirus/ct-nw-coronavirus-vaccine-fact-check-20201113-pkzbkcfd5bcalpgkvbavqfi5iq-story.html,Chicago Tribune,Fact check: Trump wrongly takes full credit for Pfizer’s COVID-19 vaccine
1 month ago,2020-12-06 19:57:53.144082,United Begins Flying Pfizer's Covid-19 Vaccine. Carriers are positioning doses for quick distribution if vaccines are approved by regulators ...,"data:image/gif;base64,R0lGODlhAQABAIAAAP///////yH5BAEKAAEALAAAAAABAAEAAAICTAEAOw==",https://www.wsj.com/articles/united-begins-flying-pfizers-covid-19-vaccine-11606512293,The Wall Street Journal,United Begins Flying Pfizer’s Covid-19 Vaccine
1 month ago,2020-12-06 19:57:53.146076,"The flights represent one leg of a chain, which will extend from Chicago to distribution hubs around the US. Pfizer's vaccine must be stored in -103 degrees ...","data:image/gif;base64,R0lGODlhAQABAIAAAP///////yH5BAEKAAEALAAAAAABAAEAAAICTAEAOw==",https://www.businessinsider.com/united-airlines-flying-pfizer-covid-19-vaccines-distribution-hubs-2020-11,Business Insider,United Airlines is flying Pfizer COVID-19 vaccine to distribution hubs - Business Insider
1 month ago,2020-12-06 19:57:53.150070,"Pfizer and BioNTech last Friday submitted an application for the vaccine trial's emergency use authorization, making their vaccine candidate the first in line with ...","data:image/gif;base64,R0lGODlhAQABAIAAAP///////yH5BAEKAAEALAAAAAABAAEAAAICTAEAOw==",https://www.marketwatch.com/story/united-airlines-starts-charter-flights-to-distribute-pfizers-covid-19-vaccine-wsj-2020-11-27,MarketWatch,United Airlines starts charter flights to distribute Pfizer's COVID-19 vaccine: WSJ
"Jul 10, 2020",2020-07-10 00:00:00.000000,"Speaking with Time, Pfizer's Bourla said the company “should be able in the September time frame to have enough data to say if the vaccine works or not.” That ...","data:image/gif;base64,R0lGODlhAQABAIAAAP///////yH5BAEKAAEALAAAAAABAAEAAAICTAEAOw==",https://www.fiercepharma.com/pharma/after-positive-early-data-pfizer-biontech-ceos-sound-off-vaccine-timelines,FiercePharma,"After positive early data, Pfizer, BioNTech CEOs sound off on ..."
"Jan 28, 2020",2020-01-28 00:00:00.000000,"Good morning, and thank you for joining us today to review Pfizer's fourth quarter and full year 2019 performance and 2020 financial guidance. I'm joined today by ...","data:image/gif;base64,R0lGODlhAQABAIAAAP///////yH5BAEKAAEALAAAAAABAAEAAAICTAEAOw==",https://www.fool.com/earnings/call-transcripts/2020/01/28/pfizer-inc-pfe-q4-2019-earnings-call-transcript.aspx,Motley Fool,Pfizer Inc (PFE) Q4 2019 Earnings Call Transcript
"Jul 9, 2020",2020-07-09 00:00:00.000000,"NEW YORK--(BUSINESS WIRE)--Pfizer Inc. (NYSE: PFE) announced today it has pledged $100 million to the new Antimicrobial Resistance (AMR) Action Fund, ...","data:image/gif;base64,R0lGODlhAQABAIAAAP///////yH5BAEKAAEALAAAAAABAAEAAAICTAEAOw==",https://www.businesswire.com/news/home/20200709005221/en/%C2%A0%C2%A0Pfizer-Pledges-100-Million-to-New-Industry-Fund-to-Help-Fight-Growing-Threat-of-Antimicrobial-Resistance,,Pfizer Pledges $100 Million to New Industry Fund to Help ...
"Aug 12, 2020",2020-08-12 00:00:00.000000,"Judith Absalon, of drug giant Pfizer Inc. According to her team, BNT162b1 is based on a bit of genetic code known as messenger RNA, which helps kick-start the ...","data:image/gif;base64,R0lGODlhAQABAIAAAP///////yH5BAEKAAEALAAAAAABAAEAAAICTAEAOw==",https://www.usnews.com/news/health-news/articles/2020-08-12/pfizers-covid-vaccine-shows-robust-results-in-early-trial,U.S. News & World Report,Pfizer's COVID Vaccine Shows 'Robust' Results in Early Trial
"Sep 10, 2020",2020-09-10 00:00:00.000000,"That's because Pfizer's vaccine can't be stored in the refrigeration systems found at the typical doctor's office. Instead, it requires special ultra-low-temperature ...","data:image/gif;base64,R0lGODlhAQABAIAAAP///////yH5BAEKAAEALAAAAAABAAEAAAICTAEAOw==",https://abcnews.go.com/Health/pfizer-win-covid-vaccine-race-distributing-matter/story?id=72862724,ABC News,Pfizer may win the COVID vaccine race. But distributing it could be another matter.
1 month ago,2020-12-06 19:57:53.169017,"Now they've got to finalize their plans. Of the four COVID-19 vaccines currently in Phase 3 clinical trials in the United States, Pfizer's is both the furthest along ...","data:image/gif;base64,R0lGODlhAQABAIAAAP///////yH5BAEKAAEALAAAAAABAAEAAAICTAEAOw==",https://www.usatoday.com/story/news/health/2020/11/18/pfizer-covid-19-vaccine-dry-ice-sales-storage/6281859002/,USA TODAY,"COVID vaccine candidate from Pfizer must be stored at minus 112, prompting a rush on dry ice"
"Oct 9, 2020",2020-10-09 00:00:00.000000,"Analysts are split on whether Pfizer's early breast cancer miss, coupled with rival Eli Lilly's adjuvant success, will hurt its share in the metastatic setting. (Pfizer).","data:image/gif;base64,R0lGODlhAQABAIAAAP///////yH5BAEKAAEALAAAAAABAAEAAAICTAEAOw==",https://www.fiercepharma.com/pharma/pfizer-s-ibrance-kisses-early-breast-cancer-hopes-goodbye-second-study-failure,FiercePharma,Pfizer's Ibrance kisses early breast cancer hopes goodbye ...
1 month ago,2020-12-06 19:57:56.614520,States and hospital systems across the US have started panic-buying ultra low temperature freezers capable of storing Pfizer's coronavirus vaccine. The vaccine ...,"data:image/gif;base64,R0lGODlhAQABAIAAAP///////yH5BAEKAAEALAAAAAABAAEAAAICTAEAOw==",https://www.businessinsider.com/states-panic-buy-ultra-cold-freezers-pfizer-coronavirus-vaccine-2020-11,Business Insider,States rush to buy ultra cold freezers for Pfizer coronavirus vaccine - Business Insider
"Jun 2, 2020",2020-06-02 00:00:00.000000,"The expertise access includes being able to tap Pfizer's resources in research, clinical development and manufacturing.","data:image/gif;base64,R0lGODlhAQABAIAAAP///////yH5BAEKAAEALAAAAAABAAEAAAICTAEAOw==",https://www.fiercebiotech.com/biotech/pfizer-to-funnel-500m-into-biotechs-offering-crucial-capital-during-covid-crisis,FierceBiotech,"Pfizer to funnel $500M into biotechs, offering 'crucial capital ..."
1 month ago,2020-12-06 19:57:56.622510,Gold traders are presently under pressure and nursing their wounds amid news that Pfizer's COVID-19 vaccine had proven 90% effective in trials has reported ...,"data:image/gif;base64,R0lGODlhAQABAIAAAP///////yH5BAEKAAEALAAAAAABAAEAAAICTAEAOw==",https://www.fxempire.com/forecasts/article/pfizers-covd-19-vaccine-weighs-on-gold-prices-682899,FX Empire,Pfizer's COVID-19 Vaccine weighs on Gold prices
"Nov 9, 2020",2020-11-09 00:00:00.000000,"D., Senior Vice President and Chief Scientific Officer of Pfizer's Rare Disease Research Unit. â€œOur investment in Homology represents another example of our ...","data:image/gif;base64,R0lGODlhAQABAIAAAP///////yH5BAEKAAEALAAAAAABAAEAAAICTAEAOw==",https://www.globenewswire.com/news-release/2020/11/09/2122724/0/en/Homology-Medicines-Announces-60-Million-Equity-Investment-from-Pfizer-Inc.html,,Homology Medicines Announces $60 Million Equity ...
"Nov 10, 2020",2020-11-10 00:00:00.000000,Coronavirus: anti-vaxxers seek to discredit Pfizer's vaccine. This article is more than 1 month old. Conspiracies about pandemic on social media must ...,"data:image/gif;base64,R0lGODlhAQABAIAAAP///////yH5BAEKAAEALAAAAAABAAEAAAICTAEAOw==",https://www.theguardian.com/world/2020/nov/10/coronavirus-anti-vaxxers-seek-to-discredit-pfizers-vaccine,The Guardian,Coronavirus: anti-vaxxers seek to discredit Pfizer's vaccine
1 month ago,2020-12-06 19:57:56.628481,NHS England's expectation that the first supplies of Pfizer's product will reach hospitals on and after 7 December depends on the Medicines and Healthcare ...,"data:image/gif;base64,R0lGODlhAQABAIAAAP///////yH5BAEKAAEALAAAAAABAAEAAAICTAEAOw==",https://www.theguardian.com/world/2020/nov/27/hospitals-england-told-prepare-early-december-covid-vaccine-rollout-nhs,The Guardian,Hospitals in England told to prepare for Covid vaccine rollout in 10 days' time
"Sep 30, 2020",2020-09-30 00:00:00.000000,CStone Pharmaceuticals has seen a $200 million investment from U.S. Big Pharma Pfizer and nabbed a China license for its PD-L1 asset sugemalimab.,"data:image/gif;base64,R0lGODlhAQABAIAAAP///////yH5BAEKAAEALAAAAAABAAEAAAICTAEAOw==",https://www.fiercebiotech.com/biotech/pfizer-funnels-200m-into-cstone-licences-late-stage-cancer-med-china,FierceBiotech,"Pfizer funnels $200M into CStone, licenses late-stage cancer ..."
"Jun 2, 2020",2020-06-02 00:00:00.000000,"Are Pfizer's Growth Prospects in Trouble With Its Shocking Ibrance Setback? The drugmaker says it will still hit its revenue-growth projections, but that will be ...","data:image/gif;base64,R0lGODlhAQABAIAAAP///////yH5BAEKAAEALAAAAAABAAEAAAICTAEAOw==",https://www.fool.com/investing/2020/06/02/are-pfizers-growth-prospects-in-trouble-with-its-s.aspx,Motley Fool,Are Pfizer's Growth Prospects in Trouble With Its Shocking Ibrance Setback?
"Mar 5, 2020",2020-03-05 00:00:00.000000,"(Reuters) - Pfizer Inc is considering a collaboration with German drugmaker ... mRNA-based drug development platform, Pfizer's R&D head told Reuters on ...","data:image/gif;base64,R0lGODlhAQABAIAAAP///////yH5BAEKAAEALAAAAAABAAEAAAICTAEAOw==",https://www.reuters.com/article/us-health-coronavirus-pfizer-idUSKBN20T03K,Reuters,Pfizer weighs working with BioNTech on potential coronavirus vaccine: R&D head
1 month ago,2020-12-06 19:57:56.641447,"10 to discuss the request for emergency use authorization (EUA) of a COVID-19 vaccine from Pfizer, Inc. in partnership with BioNTech Manufacturing GmbH.","data:image/gif;base64,R0lGODlhAQABAIAAAP///////yH5BAEKAAEALAAAAAABAAEAAAICTAEAOw==",https://www.fda.gov/news-events/press-announcements/coronavirus-covid-19-update-fda-announces-advisory-committee-meeting-discuss-covid-19-vaccine,,Coronavirus (COVID-19) Update: FDA Announces Advisory ...
"Oct 25, 2020",2020-10-25 00:00:00.000000,"While the deal will also reduce Pfizer's dividend a little, the company will still offer one of the more attractive dividends in the healthcare sector. Pfizer shareholders ...","data:image/gif;base64,R0lGODlhAQABAIAAAP///////yH5BAEKAAEALAAAAAABAAEAAAICTAEAOw==",https://www.fool.com/investing/2020/10/25/better-coronavirus-stock-moderna-vs-pfizer/,Motley Fool,Better Coronavirus Stock: Moderna vs. Pfizer
"Nov 6, 2020",2020-11-06 00:00:00.000000,It follows other informal requests for information by the SEC and the U.S. Justice Department related to Pfizer's business in China and Russia. New York-based ...,"data:image/gif;base64,R0lGODlhAQABAIAAAP///////yH5BAEKAAEALAAAAAABAAEAAAICTAEAOw==",https://www.wsj.com/articles/pfizer-receives-inquiry-from-sec-bribery-unit-11604674900,Wall Street Journal,Pfizer Receives Inquiry From SEC Bribery Unit
"Sep 4, 2020",2020-09-04 00:00:00.000000,White House advisors cast doubt on Pfizer's projection that data could be available as soon as the end of next month. NIAID Director Dr. Anthony Fauci told CNN ...,"data:image/gif;base64,R0lGODlhAQABAIAAAP///////yH5BAEKAAEALAAAAAABAAEAAAICTAEAOw==",https://www.cnbc.com/2020/09/04/moderna-slows-coronavirus-vaccine-trial-t-to-ensure-minority-representation-ceo-says.html,CNBC,"Moderna slows coronavirus vaccine trial enrollment to ensure minority representation, CEO says"
"Nov 9, 2020",2020-11-09 00:00:00.000000,"“We are a significant step closer to providing people around the world with a much-needed breakthrough to help bring an end to this global health crisis,” Pfizer ...","data:image/gif;base64,R0lGODlhAQABAIAAAP///////yH5BAEKAAEALAAAAAABAAEAAAICTAEAOw==",https://www.france24.com/en/health/20201109-pfizer-says-its-covid-19-vaccine-is-90-percent-effective,FRANCE 24,Pfizer says its Covid-19 vaccine is 90 percent effective
"Jan 13, 2020",2020-01-13 00:00:00.000000,"Pfizer's drug, known only as PF-05251749, is an inhibitor of casein kinase 1, which interacts with the part of the brain that regulates sleeping and waking patterns.","data:image/gif;base64,R0lGODlhAQABAIAAAP///////yH5BAEKAAEALAAAAAABAAEAAAICTAEAOw==",https://www.biopharmadive.com/news/biogen-pfizer-alzheimers-drug-deal/570311/,,Biogen finds $75M home for Pfizer Alzheimer's drug
"Oct 6, 2020",2020-10-06 00:00:00.000000,"Regeneron, Pfizer and BioNTech are sued by Allele Biotech over patent infringement of fluorescent protein used to develop their COVID-19 vaccine and ...","data:image/gif;base64,R0lGODlhAQABAIAAAP///////yH5BAEKAAEALAAAAAABAAEAAAICTAEAOw==",https://www.fiercepharma.com/pharma/pfizer-biontech-regeneron-sued-for-infringement-allele-s-patent-their-covid-19-products,FiercePharma,"Pfizer-BioNTech, Regeneron sued for patent infringement with ..."
1 month ago,2020-12-06 19:57:59.754338,"The agency also needs to review Pfizer's manufacturing data to make sure the facilities where the vaccine is being made are up to standard. ""I'm not sure how long ...","data:image/gif;base64,R0lGODlhAQABAIAAAP///////yH5BAEKAAEALAAAAAABAAEAAAICTAEAOw==",https://www.cnn.com/2020/11/12/health/covid-vaccine-timeline-slower/index.html,CNN,"Don't expect a coronavirus vaccine before December, experts caution"
"Jul 22, 2020",2020-07-22 00:00:00.000000,"The Dow Jones Industrial Average finished the day above 27,000 after Pfizer (PFE) announced that it had struck a deal with the U.S. government for the ...","data:image/gif;base64,R0lGODlhAQABAIAAAP///////yH5BAEKAAEALAAAAAABAAEAAAICTAEAOw==",https://www.barrons.com/articles/the-dow-jones-industrial-averages-rally-was-about-more-than-pfizers-vaccine-51595466807,Barron's,The Dow Jones Industrial Average’s Rally Was About More Than Pfizer’s Vaccine
"Jun 18, 2020",2020-06-18 00:00:00.000000,Pfizer and Sangamo Announce Updated Phase 1/2 Results Showing Sustained Factor VIII Activity Levels and No Bleeding Events or Factor Usage in 3e13 vg/kg ...,"data:image/gif;base64,R0lGODlhAQABAIAAAP///////yH5BAEKAAEALAAAAAABAAEAAAICTAEAOw==",https://www.businesswire.com/news/home/20200618005091/en/Pfizer-and-Sangamo-Announce-Updated-Phase-12-Results-Showing-Sustained-Factor-VIII-Activity-Levels-and-No-Bleeding-Events-or-Factor-Usage-in-3e13-vgkg-Cohort-Following-giroctocogene-fitelparvovec-SB-525-Gene-Therapy,,Pfizer and Sangamo Announce Updated Phase 1/2 Results ...
"Sep 25, 2020",2020-09-25 00:00:00.000000,"The letter, obtained by Bloomberg Law and verified by six signatories, was sent Friday following reports that Pfizer's clinical trial will yield conclusive results in ...","data:image/gif;base64,R0lGODlhAQABAIAAAP///////yH5BAEKAAEALAAAAAABAAEAAAICTAEAOw==",https://www.detroitnews.com/story/business/2020/09/25/pfizer-urged-delay-vaccine-approval-november/114141214/,The Detroit News,Pfizer urged to delay seeking vaccine approval until November
"Nov 9, 2020",2020-11-09 00:00:00.000000,"The race: Several potential vaccines are in large-scale trials in addition to Pfizer's candidate. Last week, a top scientist from Oxford University, which is working on ...","data:image/gif;base64,R0lGODlhAQABAIAAAP///////yH5BAEKAAEALAAAAAABAAEAAAICTAEAOw==",https://www.cnn.com/2020/11/09/investing/premarket-stocks-trading/index.html,CNN,Pfizer vaccine news is exactly what investors were craving
"Sep 8, 2020",2020-09-08 00:00:00.000000,"Pfizer invests $25 million in Trillium common shares at $10.88 per share; Jeff Settleman, PhD, Pfizer's Chief Scientific Officer for Oncology Research ...","data:image/gif;base64,R0lGODlhAQABAIAAAP///////yH5BAEKAAEALAAAAAABAAEAAAICTAEAOw==",https://www.globenewswire.com/news-release/2020/09/08/2090474/0/en/Trillium-Therapeutics-Announces-25-Million-Equity-Investment-From-Pfizer-Inc.html,,Trillium Therapeutics Announces $25 Million Equity ...
"Oct 30, 2020",2020-10-30 00:00:00.000000,Pfizer's shareholders won't have to do anything -- other than remain shareholders -- to get shares of the new company. The exact number of shares of Viatris that ...,"data:image/gif;base64,R0lGODlhAQABAIAAAP///////yH5BAEKAAEALAAAAAABAAEAAAICTAEAOw==",https://www.fool.com/investing/2020/10/30/pfizer-and-mylan-set-merger-date/,Motley Fool,Date Is Set for Merger Between Mylan and Pfizer's Upjohn Unit
"Apr 9, 2020",2020-04-09 00:00:00.000000,"When Pfizer shelled out $11.4 billion for Array BioPharma last year, it pointed to early data showing that Array's BRAF inhibitor Braftovi, its anti-MEK drug ...","data:image/gif;base64,R0lGODlhAQABAIAAAP///////yH5BAEKAAEALAAAAAABAAEAAAICTAEAOw==",https://www.fiercepharma.com/pharma/pfizer-scores-fda-nod-for-braftovi-duo-colon-cancer-as-investors-await-more-lucrative,FiercePharma,Pfizer scores FDA nod for Braftovi duo in colon cancer as ...
"Nov 2, 2020",2020-11-02 00:00:00.000000,Pfizer's Grange Castle site in Dublin is among three Irish manufacturing facilities that will together receive a €300 million investment. (Pfizer). Share Facebook ...,"data:image/gif;base64,R0lGODlhAQABAIAAAP///////yH5BAEKAAEALAAAAAABAAEAAAICTAEAOw==",https://www.fiercepharma.com/manufacturing/pfizer-to-invest-eu300m-add-300-jobs-to-expand-3-irish-manufacturing-sites,FiercePharma,"Pfizer to invest €300M, add 300 jobs to expand 3 Irish ..."
"Oct 23, 2020",2020-10-23 00:00:00.000000,Merck & Co.'s Pneumovax 23 and Pfizer's Prevnar 13 are facing shortages in Europe as researchers try both pneumococcal vaccines as a preventative measure ...,"data:image/gif;base64,R0lGODlhAQABAIAAAP///////yH5BAEKAAEALAAAAAABAAEAAAICTAEAOw==",https://www.fiercepharma.com/manufacturing/merck-pfizer-pneumonia-vaccines-running-low-eu-as-researchers-fight-covid-19-report,FiercePharma,"Merck, Pfizer pneumonia vaccines running low in EU as ..."
"Jan 23, 2020",2020-01-23 00:00:00.000000,A new collaboration with Pfizer Inc. will enable the University of Louisville's Division of Infectious Diseases to play a significant role in epidemiologic research ...,"data:image/gif;base64,R0lGODlhAQABAIAAAP///////yH5BAEKAAEALAAAAAABAAEAAAICTAEAOw==",https://www.uoflnews.com/post/uofltoday/pfizer-inc-designates-uofl-first-of-its-kind-center-of-excellence-for-epidemiological-research/,uoflnews.com,Pfizer Inc. designates UofL first-of-its-kind Center of ...
1 month ago,2020-12-06 19:58:01.156841,A final analysis of Pfizer's clinical trial found its coronavirus vaccine is 95% effective. The drugmaker will now seek the Food and Drug Administration's approval ...,"data:image/gif;base64,R0lGODlhAQABAIAAAP///////yH5BAEKAAEALAAAAAABAAEAAAICTAEAOw==",https://www.npr.org/2020/11/18/936342888/pfizer-concludes-coronavirus-vaccine-trial-and-will-seek-fda-approval,,Pfizer Concludes Coronavirus Vaccine Trial And Will Seek ...
"Nov 10, 2020",2020-11-10 00:00:00.000000,"Pfizer's ultra-cold vaccine could be difficult to distribute. November 10, 2020 11.19am EST • Updated November 10, 2020 11.54am EST.","data:image/gif;base64,R0lGODlhAQABAIAAAP///////yH5BAEKAAEALAAAAAABAAEAAAICTAEAOw==",https://theconversation.com/pfizers-ultra-cold-vaccine-could-be-difficult-to-distribute-149848,The Conversation UK,Pfizer's ultra-cold vaccine could be difficult to distribute
"Nov 9, 2020",2020-11-09 00:00:00.000000,"Masks and social distancing deep into 2021 are still likely, they say. Pfizer, one of the companies farthest along in its vaccine trials, said its early data on a small ...","data:image/gif;base64,R0lGODlhAQABAIAAAP///////yH5BAEKAAEALAAAAAABAAEAAAICTAEAOw==",https://www.bostonglobe.com/2020/11/09/metro/is-pfizer-vaccine-magic-bullet-scientists-warn-public-should-be-prepared-live-with-masks-social-distancing-months/,The Boston Globe,"Is Pfizer’s vaccine a ‘magic bullet?’ Scientists warn masks, distancing may last well into 2021"
"Nov 11, 2020",2020-11-11 00:00:00.000000,Pfizer's CEO sold $5.6 million worth of stock on Monday. The company says the stock sale was made as part of a preset plan. But NPR found irregularities about ...,"data:image/gif;base64,R0lGODlhAQABAIAAAP///////yH5BAEKAAEALAAAAAABAAEAAAICTAEAOw==",https://www.npr.org/2020/11/11/933937169/pfizer-ceos-stocks-sale-raises-questions-about-timing,,Pfizer CEO's Stock Sale Raises Questions About Timing
"Apr 30, 2020",2020-04-30 00:00:00.000000,"“As both a research company, and a manufacturer of pediatric and adult vaccines including a vaccine for tick-borne encephalitis in Europe, we believe that Pfizer's ...","data:image/gif;base64,R0lGODlhAQABAIAAAP///////yH5BAEKAAEALAAAAAABAAEAAAICTAEAOw==",https://www.globenewswire.com/news-release/2020/04/30/2024811/0/en/Valneva-and-Pfizer-Announce-Collaboration-to-Co-Develop-and-Commercialize-Lyme-Disease-Vaccine-VLA15.html,,Valneva and Pfizer Announce Collaboration to Co-Develop ...
"Jun 11, 2020",2020-06-11 00:00:00.000000,"FDA Approves Pfizer's Oncology Supportive Care Biosimilar, NYVEPRIA™ (pegfilgrastim-apgf). June 11, 2020 08:00 AM Eastern Daylight Time. NEW YORK--( ...","data:image/gif;base64,R0lGODlhAQABAIAAAP///////yH5BAEKAAEALAAAAAABAAEAAAICTAEAOw==",https://www.businesswire.com/news/home/20200611005430/en/FDA-Approves-Pfizer%E2%80%99s-Oncology-Supportive-Care-Biosimilar-NYVEPRIA%E2%84%A2-pegfilgrastim-apgf,,FDA Approves Pfizer's Oncology Supportive Care Biosimilar ...
"May 12, 2020",2020-05-12 00:00:00.000000,"Pfizer plans to test a coronavirus vaccine in thousands of people by September. CEO Albert Bourla said that if a vaccine proves to be safe, the company “will be ...","data:image/gif;base64,R0lGODlhAQABAIAAAP///////yH5BAEKAAEALAAAAAABAAEAAAICTAEAOw==",https://www.cnbc.com/2020/05/12/pfizer-wants-to-expand-human-trials-of-coronavirus-vaccine-to-thousands-of-people-by-september-ceo-says.html,CNBC,"Pfizer wants to expand human trials of coronavirus vaccine to thousands of people by September, CEO says"
1 month ago,2020-12-06 19:58:03.026478,"Emirates is working with major pharmaceutical companies, including Pfizer, to transport vaccines to the world when needed. The Pfizer vaccine candidate must ...","data:image/gif;base64,R0lGODlhAQABAIAAAP///////yH5BAEKAAEALAAAAAABAAEAAAICTAEAOw==",https://www.cnbc.com/2020/11/15/emirates-working-with-pfizer-others-on-vaccine-transport-challenge-.html,CNBC,"Emirates working with Pfizer, others on vaccine transport ‘challenge’"
"Apr 23, 2020",2020-04-23 00:00:00.000000,The generics merger between Mylan and Pfizer's Upjohn unit has won European antitrust clearance after product sell-offs. (MPD01605/CC BY-SA 2.0).,"data:image/gif;base64,R0lGODlhAQABAIAAAP///////yH5BAEKAAEALAAAAAABAAEAAAICTAEAOw==",https://www.fiercepharma.com/pharma/merger-mylan-and-pfizer-s-upjohn-wins-eu-nod-product-sell-off-agreement,FiercePharma,Merger of Mylan and Pfizer's Upjohn wins EU nod with product ...
"Oct 22, 2020",2020-10-22 00:00:00.000000,"Arixa developed ARX-1796 as a virtual company, and is passing the torch to Pfizer, which will push the drug through the clinic and, eventually, to patients.","data:image/gif;base64,R0lGODlhAQABAIAAAP///////yH5BAEKAAEALAAAAAABAAEAAAICTAEAOw==",https://www.fiercebiotech.com/biotech/pfizer-snaps-up-antibiotics-maker-arixa-and-its-oral-avycaz-follow-up,FierceBiotech,Pfizer snaps up antibiotics maker Arixa and its oral Avycaz ...
1 month ago,2020-12-06 19:58:03.044433,"Vivet Therapeutics and Pfizer Inc. Announce FDA Authorization to Proceed with GATEWAY, the Phase 1/2 Study for VTX-801, Vivet's Investigational Gene Therapy ...","data:image/gif;base64,R0lGODlhAQABAIAAAP///////yH5BAEKAAEALAAAAAABAAEAAAICTAEAOw==",https://www.globenewswire.com/news-release/2020/11/18/2128823/0/en/Vivet-Therapeutics-and-Pfizer-Inc-Announce-FDA-Authorization-to-Proceed-with-GATEWAY-the-Phase-1-2-Study-for-VTX-801-Vivet-s-Investigational-Gene-Therapy-for-Wilson-Disease.html,,Vivet Therapeutics and Pfizer Inc. Announce FDA ...
1 month ago,2020-12-06 19:58:03.051418,"In this Fool Live video, Corinne and Keith talk about the biggest takeaway from Pfizer's news. Corinne Cardina: Can you tell us about how you interpret these big ...","data:image/gif;base64,R0lGODlhAQABAIAAAP///////yH5BAEKAAEALAAAAAABAAEAAAICTAEAOw==",https://www.fool.com/investing/2020/11/14/the-biggest-takeaway-from-pfizers-coronavirus-vacc/,Motley Fool,The Biggest Takeaway From Pfizer's Coronavirus Vaccine Results
1 month ago,2020-12-06 19:58:03.058393,Pfizer's trial blueprints allow the panel to look at the data after just 32 volunteers have become ill with Covid-19. Even if most of those cases were in the placebo ...,"data:image/gif;base64,R0lGODlhAQABAIAAAP///////yH5BAEKAAEALAAAAAABAAEAAAICTAEAOw==",https://www.nytimes.com/2020/09/30/health/pfizer-covid-vaccine.html,The New York Times,Will Pfizer's Vaccine Be Ready in October? Here's Why That's Unlikely.
1 month ago,2020-12-06 19:58:04.725740,"Pfizer's Upjohn spin-off completes merger with Mylan to form Viatris. Merged entity becomes largest player in global generic pharmaceuticals market. Mon, Nov 16, ...","data:image/gif;base64,R0lGODlhAQABAIAAAP///////yH5BAEKAAEALAAAAAABAAEAAAICTAEAOw==",https://www.irishtimes.com/business/health-pharma/pfizer-s-upjohn-spin-off-completes-merger-with-mylan-to-form-viatris-1.4410897,The Irish Times,Pfizer’s Upjohn spin-off completes merger with Mylan to form Viatris
1 month ago,2020-12-06 19:58:04.731714,"Pfizer's early data has spotlighted the future of COVID-19 vaccine distribution, particularly because the company's vaccine presents a potential hurdle: It needs to ...","data:image/gif;base64,R0lGODlhAQABAIAAAP///////yH5BAEKAAEALAAAAAABAAEAAAICTAEAOw==",https://abcnews.go.com/Health/reality-pfizers-covid-19-vaccine-distribution-plan/story?id=74183968,ABC News,The reality behind Pfizer’s COVID-19 vaccine distribution plan
"Feb 6, 2020",2020-02-06 00:00:00.000000,"Read retired as Pfizer's executive chairman on Dec. 31, 2019, completing an extraordinary, 41-year career with the global pharmaceutical company. “During his ...","data:image/gif;base64,R0lGODlhAQABAIAAAP///////yH5BAEKAAEALAAAAAABAAEAAAICTAEAOw==",https://www.businesswire.com/news/home/20200206005228/en/DXC-Technology-Names-Ian-Read-Former-Chairman-and-CEO-of-Pfizer-as-Board-Chairman,,"DXC Technology Names Ian Read, Former Chairman and ..."
"Jan 9, 2020",2020-01-09 00:00:00.000000,"Under the terms of the deal, Pfizer will pay Effector $15 million up front. Effector will be eligible for a possible $492 million in research-and-development funds, ...","data:image/gif;base64,R0lGODlhAQABAIAAAP///////yH5BAEKAAEALAAAAAABAAEAAAICTAEAOw==",https://www.biospace.com/article/pfizer-and-effector-partner-on-cancer-targets-in-the-translatome/,BioSpace,Pfizer and eFFECTOR Ink $507 Million Cancer Deal
"Jun 8, 2020",2020-06-08 00:00:00.000000,"Valneva and Pfizer announced their collaboration at the end of April 2020 to develop and commercialize Valneva's Lyme disease vaccine candidate VLA15, ...","data:image/gif;base64,R0lGODlhAQABAIAAAP///////yH5BAEKAAEALAAAAAABAAEAAAICTAEAOw==",https://www.globenewswire.com/news-release/2020/06/08/2045093/0/en/Valneva-announces-HSR-clearance-for-Lyme-vaccine-collaboration-with-Pfizer.html,,Valneva announces HSR clearance for Lyme vaccine ...
"Feb 18, 2020",2020-02-18 00:00:00.000000,"Saama and Pfizer to Transform Work of Clinical Data Managers and Monitors With AI. February 18, 2020 09:44 AM Eastern Standard Time. CAMPBELL, Calif.--( ...","data:image/gif;base64,R0lGODlhAQABAIAAAP///////yH5BAEKAAEALAAAAAABAAEAAAICTAEAOw==",https://www.businesswire.com/news/home/20200218005688/en/Saama-and-Pfizer-to-Transform-Work-of-Clinical-Data-Managers-and-Monitors-With-AI,,Saama and Pfizer to Transform Work of Clinical Data ...
"Jan 13, 2020",2020-01-13 00:00:00.000000,"for Pfizer's Reboxetine Clinical and Nonclinical Data and for New Phase 3 Esreboxetine Product Candidate. Email Print Friendly Share. January 13, 2020 06:00 ...","data:image/gif;base64,R0lGODlhAQABAIAAAP///////yH5BAEKAAEALAAAAAABAAEAAAICTAEAOw==",https://www.globenewswire.com/news-release/2020/01/13/1969353/0/en/Axsome-Therapeutics-Enters-into-Exclusive-License-Agreement-with-Pfizer-Inc-for-Pfizer-s-Reboxetine-Clinical-and-Nonclinical-Data-and-for-New-Phase-3-Esreboxetine-Product-Candidate.html,,Axsome Therapeutics Enters into Exclusive License ...
"May 10, 2020",2020-05-10 00:00:00.000000,Inside Pfizer's 'unprecedented' race in Michigan to produce COVID-19 vaccine by fall. Chad Livengood · Tweet · Share; More. Share · Email · Reprints Print.,"data:image/gif;base64,R0lGODlhAQABAIAAAP///////yH5BAEKAAEALAAAAAABAAEAAAICTAEAOw==",https://www.crainsdetroit.com/health-care/inside-pfizers-unprecedented-race-michigan-produce-covid-19-vaccine-fall,Crain's Detroit Business,Inside Pfizer's 'unprecedented' race in Michigan to produce ...
"Jan 14, 2020",2020-01-14 00:00:00.000000,"Tuesday, 14th of January, 2020 (8:00 AM New York) - Insilico Medicine is pleased to announce that it has entered into a research collaboration with Pfizer Inc.","data:image/gif;base64,R0lGODlhAQABAIAAAP///////yH5BAEKAAEALAAAAAABAAEAAAICTAEAOw==",https://www.eurekalert.org/pub_releases/2020-01/im-icw011320.php,EurekAlert,Insilico collaborates with Pfizer on novel data and AI system ...
"Jun 10, 2020",2020-06-10 00:00:00.000000,"Hoping to carve out a niche in a tough market full of competitors, Pfizer has posted yet more positive data in atopic dermatitis. This latest phase 3 in a line of ...","data:image/gif;base64,R0lGODlhAQABAIAAAP///////yH5BAEKAAEALAAAAAABAAEAAAICTAEAOw==",https://www.fiercebiotech.com/biotech/pfizer-s-jak-abrocitinib-comes-through-teen-eczema-test,FierceBiotech,Pfizer's JAK abrocitinib comes through in teen eczema test
"May 26, 2020",2020-05-26 00:00:00.000000,"(NYSE: PFE) has entered into a stock purchase agreement with ContraFect pursuant to which Pfizer Inc. has agreed to purchase 674,156 shares of ContraFect's ...","data:image/gif;base64,R0lGODlhAQABAIAAAP///////yH5BAEKAAEALAAAAAABAAEAAAICTAEAOw==",https://www.globenewswire.com/news-release/2020/05/26/2038529/0/en/ContraFect-Corporation-Announces-Private-Placement-of-Common-Stock-and-Warrants-to-Pfizer-Inc.html,GlobeNewswire,ContraFect Corporation Announces Private Placement of ...
1 month ago,2020-12-06 19:58:06.255485,"Pfizer's Vaccine Candidate Is Effective -- But It Has Issues · As the excitement over Pfizer · As you might imagine, it's a lot easier to make a small batch of mRNA for a ...","data:image/gif;base64,R0lGODlhAQABAIAAAP///////yH5BAEKAAEALAAAAAABAAEAAAICTAEAOw==",https://www.fool.com/investing/2020/11/28/pfizers-vaccine-is-effective-but-it-has-issues/,Motley Fool,Pfizer's Vaccine Candidate Is Effective -- But It Has Issues
"Jul 13, 2020",2020-07-13 00:00:00.000000,"(NYSE: PFE) to deliver global product development solutions to support Pfizer's portfolio. Under the terms of the agreement, Pfizer has the right to extend the term ...","data:image/gif;base64,R0lGODlhAQABAIAAAP///////yH5BAEKAAEALAAAAAABAAEAAAICTAEAOw==",https://www.globenewswire.com/news-release/2020/07/13/2061226/0/en/Syneos-Health-Signs-New-Service-Agreement-With-Pfizer.html,GlobeNewswire,Syneos Health Signs New Service Agreement With Pfizer
"Oct 5, 2020",2020-10-05 00:00:00.000000,"(NYSE: PFE) to evaluate SpringWorks Therapeutics' investigational gamma secretase inhibitor (GSI), nirogacestat, in combination with Pfizer's anti-B-cell ...","data:image/gif;base64,R0lGODlhAQABAIAAAP///////yH5BAEKAAEALAAAAAABAAEAAAICTAEAOw==",https://www.globenewswire.com/news-release/2020/10/05/2103358/0/en/SpringWorks-Therapeutics-Announces-Clinical-Collaboration-with-Pfizer-Inc-to-Evaluate-Nirogacestat-in-Combination-with-PF-06863135-in-Patients-with-Relapsed-or-Refractory-Multiple-.html,,SpringWorks Therapeutics Announces Clinical Collaboration ...
"Sep 23, 2020",2020-09-23 00:00:00.000000,FDA Accepts Supplemental New Drug Application for Pfizer's XALKORI® (crizotinib) for the Treatment of Pediatric ALK-positive Anaplastic Large Cell Lymphoma.,"data:image/gif;base64,R0lGODlhAQABAIAAAP///////yH5BAEKAAEALAAAAAABAAEAAAICTAEAOw==",https://www.businesswire.com/news/home/20200923005291/en/FDA-Accepts-Supplemental-New-Drug-Application-for-Pfizer%E2%80%99s-XALKORI%C2%AE-crizotinib-for-the-Treatment-of-Pediatric-ALK-positive-Anaplastic-Large-Cell-Lymphoma,,FDA Accepts Supplemental New Drug Application for Pfizer's ...
"May 20, 2020",2020-05-20 00:00:00.000000,Bourla has made Pfizer's manufacturing capabilities available to small biotech concerns and is in talks as well to make large quantities of other companies' Covid- ...,"data:image/gif;base64,R0lGODlhAQABAIAAAP///////yH5BAEKAAEALAAAAAABAAEAAAICTAEAOw==",https://www.forbes.com/sites/nathanvardi/2020/05/20/the-man-betting-1-billion-that-pfizer-can-deliver-a-vaccine-by-this-fall/,Forbes,The Race Is On: Why Pfizer May Be The Best Bet To Deliver A ...
"Aug 27, 2020",2020-08-27 00:00:00.000000,“Pfizer's mission aligns perfectly with Parexel's focus on putting the patient at the heart of everything we do and we have seen positive results from this alignment ...,"data:image/gif;base64,R0lGODlhAQABAIAAAP///////yH5BAEKAAEALAAAAAABAAEAAAICTAEAOw==",https://www.globenewswire.com/news-release/2020/08/27/2084827/0/en/Parexel-and-Pfizer-Enter-Next-Phase-of-Decade-Long-Partnership.html,,Parexel and Pfizer Enter Next Phase of Decade-Long ...
"Jan 29, 2020",2020-01-29 00:00:00.000000,"The Pfizer-partnered antisense oligonucleotide cut triglyceride levels in people with hypertriglyceridemia,Type 2 diabetes and non-alcoholic fatty liver disease ...","data:image/gif;base64,R0lGODlhAQABAIAAAP///////yH5BAEKAAEALAAAAAABAAEAAAICTAEAOw==",https://www.fiercebiotech.com/biotech/akcea-pfizer-hit-midphase-goal-but-data-raise-doubts-about-chances-nafld-diabetes,FierceBiotech,"Akcea, Pfizer hit midphase goal, but data raise doubts about ..."
"Jan 15, 2020",2020-01-15 00:00:00.000000,"SAN FRANCISCO—Every drugmaker has three core units: R&D, manufacturing and commercial. But then there are what Pfizer CEO Albert Bourla calls ...","data:image/gif;base64,R0lGODlhAQABAIAAAP///////yH5BAEKAAEALAAAAAABAAEAAAICTAEAOw==",https://www.fiercepharma.com/pharma/jpm-pfizer-ceo-teases-cost-cuts-ahead-sooner-rather-than-later,FiercePharma,JPM: Pfizer CEO Bourla teases cost cuts ahead—sooner ...
"Feb 11, 2020",2020-02-11 00:00:00.000000,"This morning, Japan's Astellas and Pfizer announced positive topline overall survival (OS) results from a Phase III trial evaluating Xtandi (enzalutamide) as a ...","data:image/gif;base64,R0lGODlhAQABAIAAAP///////yH5BAEKAAEALAAAAAABAAEAAAICTAEAOw==",https://www.biospace.com/article/xtandi-improves-overall-survival-in-prostate-cancer-study-astellas-and-pfizer-report/,BioSpace,Pfizer and Astellas Report Positive OS Data in Prostate ...
"Jan 12, 2020",2020-01-12 00:00:00.000000,"Zymeworks' HER2-targeted bispecific antibody ZW25 is being evaluated in combination with Pfizer's Ibrance® (palbociclib), an oral CDK4/6 inhibitor, and the ...","data:image/gif;base64,R0lGODlhAQABAIAAAP///////yH5BAEKAAEALAAAAAABAAEAAAICTAEAOw==",https://www.businesswire.com/news/home/20200112005029/en/Zymeworks-Announces-Agreement-with-Pfizer-and-Initiation-of-a-New-Phase-2-Trial-Evaluating-ZW25-in-Combination-with-Ibrance%C2%AE-palbociclib,Business Wire,Zymeworks Announces Agreement with Pfizer and Initiation of ...
"May 28, 2020",2020-05-28 00:00:00.000000,"The multiyear agreement provides for the supply of Valor Glass vials to a portion of currently marketed Pfizer drug products, pending regulatory approval.","data:image/gif;base64,R0lGODlhAQABAIAAAP///////yH5BAEKAAEALAAAAAABAAEAAAICTAEAOw==",https://www.globenewswire.com/news-release/2020/05/28/2040196/0/en/Corning-and-Pfizer-Announce-Supply-Agreement-for-Corning-Valor-Glass-Packaging.html,GlobeNewswire,Corning and Pfizer Announce Supply Agreement for Corning ...
"Jul 13, 2020",2020-07-13 00:00:00.000000,"Pfizer's shares are up $1.33 (4.0%) while those of UnitedHealth have gained $8.55, or 2.9%, combining for a roughly 68-point bump for the Dow. Caterpillar CAT, + ...","data:image/gif;base64,R0lGODlhAQABAIAAAP///////yH5BAEKAAEALAAAAAABAAEAAAICTAEAOw==",https://www.marketwatch.com/story/pfizer-unitedhealth-share-gains-lead-dows-25-point-jump-2020-07-13,MarketWatch,"Pfizer, UnitedHealth share gains lead Dow's 25-point jump"
"Jan 16, 2020",2020-01-16 00:00:00.000000,"Seemingly contradicting Pfizer CEO Albert Bourla's IPO comment, GSK's chief strategy officer David Redfern said the British drugmaker hasn't decided on a path ...","data:image/gif;base64,R0lGODlhAQABAIAAAP///////yH5BAEKAAEALAAAAAABAAEAAAICTAEAOw==",https://www.fiercepharma.com/pharma/ipo-or-demerger-pfizer-gsk-execs-contradict-how-to-separate-consumer-health-jv,FiercePharma,"JPM: Pfizer, GSK execs talk up contradictory scenarios for ..."
"Nov 2, 2020",2020-11-02 00:00:00.000000,The Federal Trade Commission has cleared Mylan's $12 billion acquisition of Pfizer's Upjohn established medicines business. (Getty/pabradyphoto).,"data:image/gif;base64,R0lGODlhAQABAIAAAP///////yH5BAEKAAEALAAAAAABAAEAAAICTAEAOw==",https://www.fiercepharma.com/pharma/mylan-pfizer-s-12b-viatris-merger-clears-ftc-deal-for-product-selloffs,FiercePharma,"Mylan, Pfizer's $12B Viatris merger clears FTC with deal for ..."
1 month ago,2020-12-06 19:58:09.446226,Basilea reports acceptance for regulatory review of Pfizer's marketing authorization application for antifungal isavuconazole (Cresemba®) in invasive ...,"data:image/gif;base64,R0lGODlhAQABAIAAAP///////yH5BAEKAAEALAAAAAABAAEAAAICTAEAOw==",https://www.globenewswire.com/news-release/2020/11/25/2133331/0/en/Basilea-reports-acceptance-for-regulatory-review-of-Pfizer-s-marketing-authorization-application-for-antifungal-isavuconazole-Cresemba-in-invasive-aspergillosis-in-China.html,,Basilea reports acceptance for regulatory review of Pfizer's ...
1 month ago,2020-12-06 19:58:09.448268,"Opinion: Pfizer's CEO sold $5.6 million worth of shares on the day of its big vaccine news. So what? Last Updated: Nov. 30, 2020 at 1:10 p.m. ET First Published: ...","data:image/gif;base64,R0lGODlhAQABAIAAAP///////yH5BAEKAAEALAAAAAABAAEAAAICTAEAOw==",https://www.marketwatch.com/story/pfizers-ceo-sold-5-6-million-worth-of-shares-on-the-day-of-its-big-vaccine-news-so-what-11605280170,MarketWatch,Pfizer's CEO sold $5.6 million worth of shares on the day of its big vaccine news. So what?
"Jan 14, 2020",2020-01-14 00:00:00.000000,"Is Pfizer's Stock a Buy? The healthcare giant is coming off a poor performance in 2019, where its share price fell 10%.","data:image/gif;base64,R0lGODlhAQABAIAAAP///////yH5BAEKAAEALAAAAAABAAEAAAICTAEAOw==",https://www.fool.com/investing/2020/01/14/is-pfizers-stock-a-buy.aspx,Motley Fool,Is Pfizer's Stock a Buy?
"Aug 18, 2020",2020-08-18 00:00:00.000000,"“Pfizer's use of the word 'acknowledge' was appropriate in the circumstances of this case, given the terms of Pfizer's arbitration policy and other expressions of ...","data:image/gif;base64,R0lGODlhAQABAIAAAP///////yH5BAEKAAEALAAAAAABAAEAAAICTAEAOw==",https://www.law.com/njlawjournal/2020/08/18/showing-up-for-work-is-enough-to-validate-arbitration-agreement-rules-court/,Law.com,"'Conduct Can Constitute Contractual Assent,' Court Says in ..."
"Mar 16, 2020",2020-03-16 00:00:00.000000,"Pfizer CEO Albert Bourla is calling on ""all members of the innovation ecosystem"" to work together on tackling the novel coronavirus. (Pfizer). Share Facebook ...","data:image/gif;base64,R0lGODlhAQABAIAAAP///////yH5BAEKAAEALAAAAAABAAEAAAICTAEAOw==",https://www.fiercepharma.com/pharma/pfizer-offers-up-talents-tools-and-manufacturing-capabilities-call-for-wide-covid-19-collabs,FiercePharma,"Pfizer offers up talents, tools and manufacturing capabilities in ..."
"Nov 11, 2020",2020-11-11 00:00:00.000000,"Pfizer's Coronavirus Vaccine Progress Is Good News for the World, Less So for Israel. Israel currently has purchase agreements with two other companies, ...","data:image/gif;base64,R0lGODlhAQABAIAAAP///////yH5BAEKAAEALAAAAAABAAEAAAICTAEAOw==",https://www.haaretz.com/israel-news/pfizer-s-coronavirus-vaccine-progress-is-good-news-for-the-world-less-so-for-israel-1.9302104,Haaretz,"Pfizer's coronavirus vaccine progress is good news for the world, less so for Israel"
"Nov 9, 2020",2020-11-09 00:00:00.000000,That is the consensus reaction among many in the medical community to drugmaker Pfizer's report. “I think it's actually reason for optimism that the vaccines will ...,"data:image/gif;base64,R0lGODlhAQABAIAAAP///////yH5BAEKAAEALAAAAAABAAEAAAICTAEAOw==",https://spectrumlocalnews.com/nys/central-ny/news/2020/11/09/rochester-doctors-approach-pfizer-vaccine-news-with-cautious-optimism,Spectrum News,Rochester Doctors Cautiously Approach Pfizer Vaccine
1 month ago,2020-12-06 19:58:11.091196,"New York City, Nov. 18, 2020 (GLOBE NEWSWIRE) -- BetterLife Pharma Inc. (“BetterLife” or the “Company”) (CSE: BETR / OTCQB: BETRF / FRA: NPAT), ...","data:image/gif;base64,R0lGODlhAQABAIAAAP///////yH5BAEKAAEALAAAAAABAAEAAAICTAEAOw==",https://www.globenewswire.com/news-release/2020/11/18/2129099/0/en/What-do-the-Pfizer-Vaccine-and-BetterLife-Pharma-have-in-common.html,,What do the Pfizer Vaccine and BetterLife Pharma have in ...
"Nov 11, 2020",2020-11-11 00:00:00.000000,Pfizer has racked up another phase 3 success for blockbuster-in-waiting abrocitinib. Atopic dermatitis patients who received the JAK1 inhibitor were significantly ...,"data:image/gif;base64,R0lGODlhAQABAIAAAP///////yH5BAEKAAEALAAAAAABAAEAAAICTAEAOw==",https://www.fiercebiotech.com/biotech/pfizer-s-abrocitinib-aces-fifth-phase-3-route-to-fda-decision,FierceBiotech,Pfizer's abrocitinib aces 5th phase 3 on route to FDA decision
"Nov 10, 2020",2020-11-10 00:00:00.000000,"Brad Hoylman is one of the thousands of Americans who enrolled in the moonshot trials to develop a safe coronavirus vaccine, leading to Pfizer's bombshell ...","data:image/gif;base64,R0lGODlhAQABAIAAAP///////yH5BAEKAAEALAAAAAABAAEAAAICTAEAOw==",https://nypost.com/2020/11/10/nyc-lawmaker-playing-guinea-pig-in-pfizers-covid-19-vaccine-trial/,New York Post,NYC lawmaker playing guinea pig in Pfizer's COVID-19 vaccine trial
"Nov 6, 2020",2020-11-06 00:00:00.000000,Pfizer's revenue growth will improve once the Upjohn-Mylan merger wraps up. The big drugmaker will receive a nice $12 billion cash windfall from the deal.,"data:image/gif;base64,R0lGODlhAQABAIAAAP///////yH5BAEKAAEALAAAAAABAAEAAAICTAEAOw==",https://www.fool.com/investing/2020/11/06/3-reasons-pfizers-imminent-upjohn-mylan-merger-is/,Motley Fool,3 Reasons Pfizer's Imminent Upjohn-Mylan Merger Is Great News for Investors
"Nov 11, 2020",2020-11-11 00:00:00.000000,"Not only do they help with Pfizer's shot, but ultra-cold freezers are also an asset for distributing Moderna's Covid-19 vaccine candidate, which must be stored at -20 ...","data:image/gif;base64,R0lGODlhAQABAIAAAP///////yH5BAEKAAEALAAAAAABAAEAAAICTAEAOw==",https://www.statnews.com/2020/11/11/rural-hospitals-cant-afford-freezers-to-store-pfizer-covid19-vaccine/,STAT,Rural hospitals can't afford freezers to store a Covid-19 ...
1 month ago,2020-12-06 19:58:11.139754,"“Help is on the way,” Dr. Anthony Fauci, the top U.S. infectious disease expert said on the eve of Pfizer's announcement, adding that it's too early to abandon ...","data:image/gif;base64,R0lGODlhAQABAIAAAP///////yH5BAEKAAEALAAAAAABAAEAAAICTAEAOw==",https://www.post-gazette.com/news/health/2020/11/20/Pfizer-seeking-emergency-use-COVID-19-vaccine-US-pandemic/stories/202011200108,Pittsburgh Post-Gazette,Pfizer seeking emergency use of its COVID-19 vaccine in US
"Nov 9, 2020",2020-11-09 00:00:00.000000,"News that Pfizer's coronavirus vaccine strongly protects people against infection is good news for other vaccines being developed against the pandemic, Dr. A..","data:image/gif;base64,R0lGODlhAQABAIAAAP///////yH5BAEKAAEALAAAAAABAAEAAAICTAEAOw==",https://www.kdrv.com/content/news/573021331.html,KDRV,"Pfizer coronavirus vaccine news bodes well for other coronavirus vaccines, experts say"
1 month ago,2020-12-06 19:58:11.153713,"Pfizer's result suggests that other vaccines will work, too. Over 320 are in development, several in advanced trials. Most, like Pfizer's, focus on the spike protein with ...","data:image/gif;base64,R0lGODlhAQABAIAAAP///////yH5BAEKAAEALAAAAAABAAEAAAICTAEAOw==",https://www.economist.com/leaders/2020/11/14/the-promise-of-the-new-covid-19-vaccine-is-immense,The Economist,"Suddenly, hope - The promise of the new covid-19 vaccine is ..."
"Nov 11, 2020",2020-11-11 00:00:00.000000,Pfizer and the Centers for Disease Control and Prevention did not immediately respond to requests for comment. It's also not yet clear how much protection the ...,"data:image/gif;base64,R0lGODlhAQABAIAAAP///////yH5BAEKAAEALAAAAAABAAEAAAICTAEAOw==",https://www.bloomberg.com/news/articles/2020-11-11/if-we-re-not-careful-a-vaccine-might-help-covid-19-spread,Bloomberg,How a Covid-19 Vaccine Could End Up Helping the Virus ...
1 month ago,2020-12-06 19:58:14.230177,"Pfizer announced Wednesday its vaccine in development is 95% effective with no serious side effects, and the company planned to seek emergency authorization ...","data:image/gif;base64,R0lGODlhAQABAIAAAP///////yH5BAEKAAEALAAAAAABAAEAAAICTAEAOw==",https://www.arkansasonline.com/news/2020/nov/19/vaccine-on-horizon-for-region-fayetteville-health/?news-arkansas-nwa,Arkansas Online,"Vaccine on horizon for region, Fayetteville health board hears"
1 month ago,2020-12-06 19:58:14.236146,"AHN has already purchased specialized freezers to store Pfizer's vaccine, which requires storage at minus-80 Celsius (minus-112 F), and UPMC already has ...","data:image/gif;base64,R0lGODlhAQABAIAAAP///////yH5BAEKAAEALAAAAAABAAEAAAICTAEAOw==",https://www.post-gazette.com/news/politics-nation/2020/11/22/COVID-19-vaccine-progress-Pfizer-Moderna-Allegheny-County-Rachel-Levine/stories/202011220027,Pittsburgh Post-Gazette,COVID-19 vaccine poses logistical challenges for Pa. officials
"Nov 6, 2020",2020-11-06 00:00:00.000000,"The recent news of possible allergic reactions is “a bit of a surprise,” he said, as this did not occur during Pfizer's clinical trials. But varying things can happen after ...","data:image/gif;base64,R0lGODlhAQABAIAAAP///////yH5BAEKAAEALAAAAAABAAEAAAICTAEAOw==",https://www.chicagotribune.com/coronavirus/ct-life-covid-coronavirus-questions-answers-qa-cb-1023-20201106-cmmfplejbfeljgx5ojfjwqzcju-story.html,Chicago Tribune,When might teachers get vaccines? Does Chicago have enough?
1 month ago,2020-12-06 19:58:14.250109,"Covax guarantees 8 million doses; Pfizer-BioNtech, 10 million. It also reserved 14.4 million doses of the AstraZeneca / Oxford vaccine and 20 million from the ...","data:image/gif;base64,R0lGODlhAQABAIAAAP///////yH5BAEKAAEALAAAAAABAAEAAAICTAEAOw==",https://ticotimes.net/2020/11/26/the-race-to-obtain-coronavirus-vaccines-in-latin-america,The Tico Times,The race to obtain coronavirus vaccines in Latin America -
"Nov 10, 2020",2020-11-10 00:00:00.000000,Pfizer's Covid-19 vaccine is declared to be 90% effective but sub-zero storage and other issues may mean that it's not the solution to our COVID problems and ...,"data:image/gif;base64,R0lGODlhAQABAIAAAP///////yH5BAEKAAEALAAAAAABAAEAAAICTAEAOw==",https://www.houstonpublicmedia.org/articles/shows/town-square/2020/11/10/385954/a-new-vaccine-against-covid-and-health-experts-answer-your-questions/,Houston Public Media,A New Vaccine Against COVID And Health Experts Answer Your Questions
"Mar 24, 2020",2020-03-24 00:00:00.000000,"Perdue invested up to $245,000 in Pfizer, the pharmaceutical company, during multiple transactions around the same time that members of Congress began ...","data:image/gif;base64,R0lGODlhAQABAIAAAP///////yH5BAEKAAEALAAAAAABAAEAAAICTAEAOw==",https://www.ajc.com/news/state--regional-govt--politics/perdue-loeffler-among-senators-whose-stock-trading-during-coronavirus-raises-questions/YjEYsWqAVwZh52HTpl1EpL/,Atlanta Journal Constitution,Loeffler among senators whose stock trading during coronavirus raises questions
1 month ago,2020-12-06 19:58:14.274048,"Pfizer's vaccine is transported at -80C in small cool boxes holding about 5,000 doses which must be kept packed in dry ice until shortly before use. Moderna's ...","data:image/gif;base64,R0lGODlhAQABAIAAAP///////yH5BAEKAAEALAAAAAABAAEAAAICTAEAOw==",https://uk.reuters.com/article/uk-health-coronavirus-air-france-klm-vac-idUKKBN2861JK,Reuters UK,'We're ready': Schiphol airport gears up for chilled vaccine cargos
"Nov 11, 2020",2020-11-11 00:00:00.000000,"Produced by Pfizer and BioNTech SE, the vaccine has surpassed other flu vaccines in terms of effectiveness. We explain how. The blockbuster Covid-19 ...","data:image/gif;base64,R0lGODlhAQABAIAAAP///////yH5BAEKAAEALAAAAAABAAEAAAICTAEAOw==",https://www.trtworld.com/magazine/covid-19-vaccine-what-makes-it-90-percent-effective-41356,TRT World,Covid-19 vaccine: What makes it '90 percent effective'?
"Nov 10, 2020",2020-11-10 00:00:00.000000,"“It's great news that Pfizer/BioNTech is seeing positive results from its vaccine trial, and I'm proud one of New York's foremost infectious disease experts has been ...","data:image/gif;base64,R0lGODlhAQABAIAAAP///////yH5BAEKAAEALAAAAAABAAEAAAICTAEAOw==",https://www.mytwintiers.com/news-cat/regional-news-news/upstates-dr-stephen-thomas-will-be-lead-investigator-in-trial-of-promising-covid-19-vaccine/,WETM - MyTwinTiers.com,Upstate’s Dr. Stephen Thomas will be lead investigator in trial of promising COVID-19 vaccine
"Oct 19, 2020",2020-10-19 00:00:00.000000,"A Pfizer candidate is among the ones in advanced testing requiring storage at ultracold temperatures. The company, which has designed a special carrying case ...","data:image/gif;base64,R0lGODlhAQABAIAAAP///////yH5BAEKAAEALAAAAAABAAEAAAICTAEAOw==",https://apnews.com/article/virus-outbreak-pandemics-immunizations-epidemics-united-nations-fc4c536d62c5ef25152884adb1c14168,Associated Press,Vaccine storage issues could leave 3B people without access
"Oct 7, 2020",2020-10-07 00:00:00.000000,CDC COVID-19 Vaccine Information · Pfizer-BioNTech COVID-19 EUA Recipient/Caregiver Fact Sheet · Moderna Vaccine - What to Expect · Emergency Use ...,"data:image/gif;base64,R0lGODlhAQABAIAAAP///////yH5BAEKAAEALAAAAAABAAEAAAICTAEAOw==",https://www.tn.gov/health/cedep/ncov/covid-19-vaccine-information.html,tn.gov,COVID-19 Vaccine Information
1 month ago,2020-12-06 19:58:16.108736,"Pfizer has sought Food and Drug Administration authorization for emergency use, and Moderna is expected to to do so, too. The vaccines should be ""an incentive ...","data:image/gif;base64,R0lGODlhAQABAIAAAP///////yH5BAEKAAEALAAAAAABAAEAAAICTAEAOw==",https://www.politico.com/news/2020/11/22/fauci-vaccines-public-health-measures-439229,Politico,Fauci: Vaccines are an incentive to 'double down' on ...
1 month ago,2020-12-06 19:58:16.117706,"Chughtai Lab, Pakistan's leading pathology lab, signed an MOU with Pfizer to improve access to vaccines in Pakistan by establishing vaccination centers across ...","data:image/gif;base64,R0lGODlhAQABAIAAAP///////yH5BAEKAAEALAAAAAABAAEAAAICTAEAOw==",https://www.brecorder.com/news/40035168,Business Recorder,Chughtai Lab and Pfizer Partner to establish Vaccination Centers across Pakistan
1 month ago,2020-12-06 19:58:16.125688,"What Are mRNA Vaccines by Pfizer, Moderna That Have Shown More Than 90% Efficacy Against COVID-19? Nov 17, 2020 02:04 PM IST iVideos iVideos.","data:image/gif;base64,R0lGODlhAQABAIAAAP///////yH5BAEKAAEALAAAAAABAAEAAAICTAEAOw==",https://www.news18.com/videos/ivideos/what-are-mrna-vaccines-by-pfizer-moderna-that-have-shown-more-than-90-efficacy-against-covid-19-3088607.html,News18,"What Are mRNA Vaccines by Pfizer, Moderna That Have Shown More Than 90% Efficacy Against COVID-19?"
1 month ago,2020-12-06 19:58:16.133666,What Pfizer's landmark COVID vaccine results mean for the pandemic · The false promise of herd immunity for COVID-19. Subjects. Public health · Infection.,"data:image/gif;base64,R0lGODlhAQABAIAAAP///////yH5BAEKAAEALAAAAAABAAEAAAICTAEAOw==",https://www.nature.com/articles/d41586-020-03141-3,Nature.com,What the data say about asymptomatic COVID infections
"Aug 26, 2020",2020-08-26 00:00:00.000000,"In this Jan. 5, 2021, file photo, healthcare worker receives a second Pfizer-BioNTech COVID-19 vaccine shot at Beaumont Health in Southfield, Mich. Get live ...","data:image/gif;base64,R0lGODlhAQABAIAAAP///////yH5BAEKAAEALAAAAAABAAEAAAICTAEAOw==",https://www.keranews.org/texas-news/2020-08-23/covid-19-live-updates-tarrant-county-reports-212-new-cases-10-deaths,KERA News,COVID-19 Live Updates: Tarrant Residents Face Long Waits ...
1 month ago,2020-12-06 19:58:16.157607,"Pfizer has pursued its own vaccine research and development, while other manufacturers have been operating within a White House-backed effort called “ ...","data:image/gif;base64,R0lGODlhAQABAIAAAP///////yH5BAEKAAEALAAAAAABAAEAAAICTAEAOw==",https://www.mysuncoast.com/2020/11/12/feds-announce-covid-vaccine-agreement-with-drug-stores/,WWSB,Feds announce COVID-19 vaccine agreement with drug stores
1 month ago,2020-12-06 19:58:16.167581,"In the case of the Pfizer/BioNTech vaccine, which can't be manufactured in Australia due to its new approach of using 'messenger RNA' to instruct cells to build an ...","data:image/gif;base64,R0lGODlhAQABAIAAAP///////yH5BAEKAAEALAAAAAABAAEAAAICTAEAOw==",https://www.executivetraveller.com/news/covid-19-vaccination-may-be-mandatory-for-all-visitors-to-australia,Executive Traveller,Covid-19 vaccination may be mandatory for all visitors to ...
1 month ago,2020-12-06 19:58:16.175559,"The Pfizer and BioNTech vaccine is delivered as a shot in the arm, like other typical vaccines. The injection into your arm won't feel different than any other ...","data:image/gif;base64,R0lGODlhAQABAIAAAP///////yH5BAEKAAEALAAAAAABAAEAAAICTAEAOw==",https://www.nytimes.com/2020/11/17/health/coronavirus-immunity.html,The New York Times,"Immunity to the Coronavirus May Last Years, New Data Hint"
"Oct 24, 2020",2020-10-24 00:00:00.000000,... on Wednesday afternoon issued a statement in response to the ongoing political violence occurring… Costa Rica purchased Pfizer vaccines for $36 million.,"data:image/gif;base64,R0lGODlhAQABAIAAAP///////yH5BAEKAAEALAAAAAABAAEAAAICTAEAOw==",https://ticotimes.net/2020/10/24/u-s-southern-command-delivers-hygiene-supplies-to-costa-ricas-education-ministry,The Tico Times,US Southern Command supports Costa Rican indigenous ...
"Feb 12, 2020",2020-02-12 00:00:00.000000,A Phase 1b/2 trial (NCT03268057) called CLASSICAL-Lung is being carried out by Vaccinex in collaboration with Merck and Pfizer. The trial enrolled 62 people ...,"data:image/gif;base64,R0lGODlhAQABAIAAAP///////yH5BAEKAAEALAAAAAABAAEAAAICTAEAOw==",https://immuno-oncologynews.com/2020/02/12/pepinemab-bavencio-combo-shows-durable-anti-tumor-activity-advanced-lung-cancer-patients-phase-1-2-trial-shows/,Immuno-Oncology News,Pepinemab-Bavencio Combo Shows Positive Anti-Tumor ...
"Mar 19, 2020",2020-03-19 00:00:00.000000,Regulatory approval of Pfizer/BioNTech vaccine for COVID-19. 31 December 2020; Decision. UK medicines regulator gives approval for first UK COVID-19 ...,"data:image/gif;base64,R0lGODlhAQABAIAAAP///////yH5BAEKAAEALAAAAAABAAEAAAICTAEAOw==",https://www.gov.uk/government/collections/mhra-guidance-on-coronavirus-covid-19,,MHRA guidance on coronavirus (COVID-19) - GOV.UK
"Jun 8, 2020",2020-06-08 00:00:00.000000,Pfizer uses thermal shippers for the vaccine that can be used as temporary storage units by refilling with dry ice every five days for up to 30 days of storage. Events.,"data:image/gif;base64,R0lGODlhAQABAIAAAP///////yH5BAEKAAEALAAAAAABAAEAAAICTAEAOw==",https://denver.cbslocal.com/2020/06/08/covid-19-latest-information/,CBS Denver,COVID-19 Latest Information
1 month ago,2020-12-06 19:58:19.009217,"Unlike Pfizer's vaccine which must be kept at -70 degree Celsuis, Moderna's shot can be stored at normal fridge temperatures, which should make it easier to ...","data:image/gif;base64,R0lGODlhAQABAIAAAP///////yH5BAEKAAEALAAAAAABAAEAAAICTAEAOw==",https://english.jagran.com/india/coronavirus-vaccine-latest-updates-chinas-coronavac-triggers-quick-immune-response-india-pins-hopes-on-these-5-vaccines-10020017,Jagran English,Coronavirus Vaccine Latest Updates: China's CoronaVac triggers quick immune response; India pins hopes on these 5 vaccines
1 month ago,2020-12-06 19:58:19.015133,"With a two-dose vaccine, which is the Pfizer-BioNTech protocol, 264 million people must get vaccinated twice, 21 days apart. That presents a logistical challenge ...","data:image/gif;base64,R0lGODlhAQABAIAAAP///////yH5BAEKAAEALAAAAAABAAEAAAICTAEAOw==",https://www.pymnts.com/coronavirus/2020/covid-crisis-what-if-people-dont-get-vaccine/,pymnts.com,COVID Crisis: What Happens If Most People Don’t Get The Vaccine?
1 month ago,2020-12-06 19:58:19.020153,The Oxford vaccine has - like those of Pfizer and Moderna - arrived in record time to a world in desperate need. Follow James on Twitter. Related Topics.,"data:image/gif;base64,R0lGODlhAQABAIAAAP///////yH5BAEKAAEALAAAAAABAAEAAAICTAEAOw==",https://www.bbc.com/news/health-55041371,BBC News,Oxford vaccine: How did they make it so quickly?
1 month ago,2020-12-06 19:58:19.022110,... in early data on the Pfizer-BioNTech and Moderna COVID-19 shots - would require a matching rise in percentage of coverage to reach herd threshold.,"data:image/gif;base64,R0lGODlhAQABAIAAAP///////yH5BAEKAAEALAAAAAABAAEAAAICTAEAOw==",https://www.reuters.com/article/health-coronavirus-immunity/analysis-can-first-covid-19-vaccines-bring-herd-immunity-experts-have-doubts-idUSL8N2I34JC,Reuters,Analysis: Can first COVID-19 vaccines bring herd immunity? Experts have doubts
1 month ago,2020-12-06 19:58:19.026136,"Pfizer has just announced that their COVID-19 vaccine is 90% effective according to preliminary tests. With this news in mind, the future is starting to look brighter ...","data:image/gif;base64,R0lGODlhAQABAIAAAP///////yH5BAEKAAEALAAAAAABAAEAAAICTAEAOw==",https://techreport.com/blog/3473708/8-innovative-tech-companies-to-watch-for-in-2021/,,8 Innovative Tech Companies to Watch for in 2021
1 month ago,2020-12-06 19:58:19.030093,"Hope now seems a prospect, with reports from Pfizer-Bio N Tech and Moderna reporting that their vaccines have 90 and 94.5 percent effectiveness, respectively, ...","data:image/gif;base64,R0lGODlhAQABAIAAAP///////yH5BAEKAAEALAAAAAABAAEAAAICTAEAOw==",http://www.thenorthlines.com/vaccine-finale/,The Northlines,Vaccine Finale
"Sep 8, 2020",2020-09-08 00:00:00.000000,"... including one being developed by drug maker Pfizer in New York City, produced antibodies that proved more potent at blocking G viruses than D viruses.","data:image/gif;base64,R0lGODlhAQABAIAAAP///////yH5BAEKAAEALAAAAAABAAEAAAICTAEAOw==",https://www.nature.com/articles/d41586-020-02544-6,Nature.com,The coronavirus is mutating — does it matter?
"Feb 19, 2020",2020-02-19 00:00:00.000000,Pfizer's role in Operation Warp Speed misconstrued online. News of promising results from a coronavirus vaccine developed by pharmaceutical giant Pfizer ...,"data:image/gif;base64,R0lGODlhAQABAIAAAP///////yH5BAEKAAEALAAAAAABAAEAAAICTAEAOw==",https://factcheck.afp.com/busting-coronavirus-myths,AFP Factcheck,Busting coronavirus myths | Fact Check
"Apr 20, 2020",2020-04-20 00:00:00.000000,"The first shipments of vaccines, from Pfizer, came on Dec. 15. to N.C. and the Charlotte area. At the recommendation of independent committees, the first ...","data:image/gif;base64,R0lGODlhAQABAIAAAP///////yH5BAEKAAEALAAAAAABAAEAAAICTAEAOw==",https://www.wbtv.com/2020/12/31/nc-breaks-record-new-covid-cases-with-consecutive-days-over/,WBTV,"NC sees record-highs for COVID-19 hospitalizations, percent ..."
1 month ago,2020-12-06 19:58:21.270072,They all have one question: Why did Pfizer pick this town (together with its Kalamazoo site in Michigan) to produce the vaccine? The town was connected to the ...,"data:image/gif;base64,R0lGODlhAQABAIAAAP///////yH5BAEKAAEALAAAAAABAAEAAAICTAEAOw==",https://www.politico.com/newsletters/politico-nightly/2020/11/23/the-post-trump-politics-of-covid-490973,,The post-Trump politics of Covid - POLITICO
1 month ago,2020-12-06 19:58:21.274039,"... Pfizer (PFE), abemaciclib (Verzenio) through a clinical research collaboration ... ZN-c5 in combination therapies with palbociclib (Ibrance sold by Pfizer) has ...","data:image/gif;base64,R0lGODlhAQABAIAAAP///////yH5BAEKAAEALAAAAAABAAEAAAICTAEAOw==",https://seekingalpha.com/article/4389947-zentalis-interesting-small-molecule-oncology-developer-for-your-watchlist,Seeking Alpha,Zentalis: An Interesting Small Molecule Oncology Developer For Your Watchlist
1 month ago,2020-12-06 19:58:21.281116,"Vaccines from Pfizer and Moderna, which have each proven about 95 percent effective, must be frozen during distribution and kept at very cold temperatures.","data:image/gif;base64,R0lGODlhAQABAIAAAP///////yH5BAEKAAEALAAAAAABAAEAAAICTAEAOw==",https://www.politico.com/news/2020/11/23/astrazeneca-fda-vaccine-authorization-439649,Politico,AstraZeneca to seek FDA authorization for vaccine based on foreign trial data
"Jun 22, 2020",2020-06-22 00:00:00.000000,"14, hospitals across the United States received the first shipments of Pfizer's COVID-19 vaccine. Tampa General was one of five hospitals in Florida to get the ...","data:image/gif;base64,R0lGODlhAQABAIAAAP///////yH5BAEKAAEALAAAAAABAAEAAAICTAEAOw==",https://www.wtsp.com/article/news/health/coronavirus/florida-coronavirus-cases-hospitalizations-deaths/67-4bbd0c35-6742-4f51-a59a-ea1d101f54ea,WTSP.com,"Florida coronavirus cases, hospitalizations, deaths, vaccinations and recoveries"
"Oct 6, 2020",2020-10-06 00:00:00.000000,... on Wednesday afternoon issued a statement in response to the ongoing political violence occurring… Costa Rica purchased Pfizer vaccines for $36 million.,"data:image/gif;base64,R0lGODlhAQABAIAAAP///////yH5BAEKAAEALAAAAAABAAEAAAICTAEAOw==",https://ticotimes.net/2020/10/06/panama-canal-breaks-cargo-record-despite-pandemic-us-china-trade-war,The Tico Times,"Panama Canal breaks cargo record despite pandemic, US ..."
"Aug 30, 2020",2020-08-30 00:00:00.000000,"The 11-county Bay Area has already received 298,305 doses of vaccine from both Pfizer and Moderna, according to the state's Department of Public Health. More ...","data:image/gif;base64,R0lGODlhAQABAIAAAP///////yH5BAEKAAEALAAAAAABAAEAAAICTAEAOw==",https://www.mv-voice.com/news/2020/08/30/coronavirus-central-santa-clara-county-surpasses-17k-total-cases,Mountain View Voice,Coronavirus central: Over 700 patients hospitalized with ...
"May 28, 2020",2020-05-28 00:00:00.000000,"The state has received approximately 1.29 million doses of vaccine from the pharmaceutical company Pfizer and the biotechnology company Moderna, ...","data:image/gif;base64,R0lGODlhAQABAIAAAP///////yH5BAEKAAEALAAAAAABAAEAAAICTAEAOw==",https://www.almanacnews.com/news/2020/05/28/coronavirus-central-total-of-latinohispanic-residents-with-virus-in-san-mateo-county-nearly-doubles-other-races,The Almanac Online,Coronavirus central: San Mateo County down to one available ...
"Oct 15, 2020",2020-10-15 00:00:00.000000,"One week later, Moderna, the producer of another COVID-19 vaccine that uses similar technology to Pfizer's, announced its own preliminary results. Among 100 ...","data:image/gif;base64,R0lGODlhAQABAIAAAP///////yH5BAEKAAEALAAAAAABAAEAAAICTAEAOw==",https://www.khq.com/lifestyles/health/from-wuhan-to-the-white-house-a-timeline-of-covid-19-s-spread/collection_0bd94550-ab3e-5cd5-9d1c-b5266482c39f.html,KHQ Right Now,From Wuhan to the White House: A timeline of COVID-19's ...
1 month ago,2020-12-06 19:58:23.109965,... on Wednesday afternoon issued a statement in response to the ongoing political violence occurring… Costa Rica purchased Pfizer vaccines for $36 million.,"data:image/gif;base64,R0lGODlhAQABAIAAAP///////yH5BAEKAAEALAAAAAABAAEAAAICTAEAOw==",https://ticotimes.net/2020/11/15/hurricane-iota-bears-down-on-storm-battered-central-america,The Tico Times,Hurricane Iota bears down on storm-battered Central America -
"Aug 25, 2020",2020-08-25 00:00:00.000000,"EVSC teacher receives Pfizer vaccine. By. Jessica Costello. Published January 5, 2021 at 4:39 PM. Gibson Co. Commissioners continue searching for company ...","data:image/gif;base64,R0lGODlhAQABAIAAAP///////yH5BAEKAAEALAAAAAABAAEAAAICTAEAOw==",https://www.14news.com/2020/08/25/eastbound-crash-wky-parkway-blocking-i-on-ramp/,14 News WFIE Evansville,Eastbound crash on WKY Parkway blocks I-165 on-ramp
"Jun 8, 2020",2020-06-08 00:00:00.000000,... on Wednesday afternoon issued a statement in response to the ongoing political violence occurring… Costa Rica purchased Pfizer vaccines for $36 million.,"data:image/gif;base64,R0lGODlhAQABAIAAAP///////yH5BAEKAAEALAAAAAABAAEAAAICTAEAOw==",https://ticotimes.net/2020/06/08/surge-in-latin-america-as-global-coronavirus-toll-passes-400000,The Tico Times,Surge in Latin America as global coronavirus toll passes ...
"Mar 11, 2020",2020-03-11 00:00:00.000000,"FDA commissioner says everyone needs both full doses of Moderna or Pfizer vaccines ... Massachusetts has received 86,000 first doses of Pfizer's vaccine and ...","data:image/gif;base64,R0lGODlhAQABAIAAAP///////yH5BAEKAAEALAAAAAABAAEAAAICTAEAOw==",https://boston.cbslocal.com/coronavirus-massachusetts-latest-updates/,CBS Boston,Coronavirus In Massachusetts: Latest Developments
"Nov 3, 2020",2020-11-03 00:00:00.000000,"... Perdue purchased somewhere between $63,000 and $245,000 worth of stock in Pfizer, a company now working to develop a coronavirus vaccine. He made a ...","data:image/gif;base64,R0lGODlhAQABAIAAAP///////yH5BAEKAAEALAAAAAABAAEAAAICTAEAOw==",https://www.foxnews.com/politics/who-is-david-perdue-5-things-to-know,Fox News,Who is David Perdue? 8 things to know about the Georgia senator
"Sep 14, 2020",2020-09-14 00:00:00.000000,... on Wednesday afternoon issued a statement in response to the ongoing political violence occurring… Costa Rica purchased Pfizer vaccines for $36 million.,"data:image/gif;base64,R0lGODlhAQABAIAAAP///////yH5BAEKAAEALAAAAAABAAEAAAICTAEAOw==",https://ticotimes.net/2020/09/14/celebrating-independence-day-why-the-lantern-parade-2020,The Tico Times,Celebrating Independence Day: Why the Lantern Parade? -
"Jun 5, 2020",2020-06-05 00:00:00.000000,... Might Also Like: Pfizer CEO: What we learned from our interns this summer · This one decision helped an investment firm radically diversify its intern program ...,"data:image/gif;base64,R0lGODlhAQABAIAAAP///////yH5BAEKAAEALAAAAAABAAEAAAICTAEAOw==",https://www.fastcompany.com/90512428/6-things-to-boost-your-resume-if-your-internship-was-canceled-due-to-covid-19,,6 things to boost your résumé if your internship was canceled ...
"Sep 25, 2020",2020-09-25 00:00:00.000000,"EVSC teacher receives Pfizer vaccine. By. Jessica Costello. Published January 5, 2021 at 4:39 PM. Gibson Co. Commissioners continue searching for company ...","data:image/gif;base64,R0lGODlhAQABAIAAAP///////yH5BAEKAAEALAAAAAABAAEAAAICTAEAOw==",https://www.14news.com/2020/09/25/student-castle-south-middle-school-tests-positive-covid-/,14 News WFIE Evansville,Students at Castle High School & Castle South Middle School test positive for COVID-19
"Jul 13, 2020",2020-07-13 00:00:00.000000,"Another 2,925 of Pfizer's long-awaited COVID-19 vaccines arrived at UC San Diego Health for frontline health care workers Tuesday morning. SPONSORSHIP.","data:image/gif;base64,R0lGODlhAQABAIAAAP///////yH5BAEKAAEALAAAAAABAAEAAAICTAEAOw==",https://www.kpbs.org/news/2020/jul/13/coronavirus-san-diego-live-updates-covid-19/,KPBS,Live Blog: San Diego County Reports 1863 COVID-19 Cases ...
"Mar 12, 2020",2020-03-12 00:00:00.000000,"Covid-19 patients should take two doses of the Pfizer and BioNTech vaccine within a period of 21-28 days, the World Health Organisation said on Tuesday as ...","data:image/gif;base64,R0lGODlhAQABAIAAAP///////yH5BAEKAAEALAAAAAABAAEAAAICTAEAOw==",https://www.news24.com/news24/southafrica/news/coronavirus-all-the-latest-news-about-covid-19-in-south-africa-and-the-world-20200312,News24,LIVE | Covid-19 in SA: 513 more deaths as cases hit 1 127 759
1 month ago,2020-12-06 19:58:24.815562,"The Pfizer/BioNTech vaccine was the first to submit its data for review by the MHRA last week. Diabetes UK stated: ""Everyone with diabetes, including those with ...","data:image/gif;base64,R0lGODlhAQABAIAAAP///////yH5BAEKAAEALAAAAAABAAEAAAICTAEAOw==",https://www.express.co.uk/life-style/health/1365736/type-2-diabetes-vaccination-prioritisation-list-covid-19,Daily Express,Type 2 diabetes: Diabetics move up the priority list for COVID jab - superseding over-65s
1 month ago,2020-12-06 19:58:24.818557,"Dr. Mike Yeadon, Pfizer's former Vice President and Chief Scientist for Allergy & Respiratory, states that the drive for a universal vaccine has 'the whiff of evil' which ...","data:image/gif;base64,R0lGODlhAQABAIAAAP///////yH5BAEKAAEALAAAAAABAAEAAAICTAEAOw==",https://www.lifesitenews.com/news/former-pfizer-vp-no-need-for-vaccines-the-pandemic-is-effectively-over,Lifesite,"Former Pfizer VP: ‘No need for vaccines,’ ‘the pandemic is effectively over’"
"Aug 23, 2020",2020-08-23 00:00:00.000000,"Pfizer Vaccine for COVID Shows Positive Trial Results. mm. Published. 4 months ago. on. September 8, 2020. By.","data:image/gif;base64,R0lGODlhAQABAIAAAP///////yH5BAEKAAEALAAAAAABAAEAAAICTAEAOw==",https://mednews365.com/risk-for-covid-19-goes-up-for-vapers/,Med News 365,Risk for COVID-19 Goes Up for Vapers
"Apr 28, 2020",2020-04-28 00:00:00.000000,"FDA approves Pfizer's COVID-19 vaccine in the Unite States · false. In this Sept. 12, 2019, file photo, Democratic presidential candidate former Vice ...","data:image/gif;base64,R0lGODlhAQABAIAAAP///////yH5BAEKAAEALAAAAAABAAEAAAICTAEAOw==",https://london.ctvnews.ca/how-to-ensure-food-security-while-also-cutting-down-on-food-waste-1.4915734,CTV News London,How to ensure food security while also cutting down on food ...
"Apr 16, 2020",2020-04-16 00:00:00.000000,"Related Stories. WSJ: COVID vaccine in kids Updated: January 5, 2021 3:43 p.m. EST; Pfizer: Find a Trial Updated: January 5, 2021 3:43 p.m. EST. New UNC ...","data:image/gif;base64,R0lGODlhAQABAIAAAP///////yH5BAEKAAEALAAAAAABAAEAAAICTAEAOw==",https://www.wral.com/coronavirus/,WRAL.com,NC Coronavirus Updates and Latest News
